Año,Trimestre,Provincia,Banda ancha fija,Dial up,Total_Conexiones,HASTA 512 kbps,+ 512 Kbps - 1 Mbps,+ 1 Mbps - 6 Mbps,+ 6 Mbps - 10 Mbps,+ 10 Mbps - 20 Mbps,+ 20 Mbps - 30 Mbps,+ 30 Mbps,OTROS,Accesos por cada 100 hogares
2022,3,Buenos Aires,4715469,6199,4721668,29985000,27709000,290315,297915000,267044000,124190000,3618689,65821000,78.11
2022,3,Capital Federal,1545534,2145,1547679,517000000,5742000,34371,67829000,51946000,28692000,1253105,105477000,122.28
2022,3,Catamarca,70292,1,70293,71000000,384000000,3107,5389000,5099000,3737000,50298,2208000,65.33
2022,3,Chaco,144141,5,144146,461000000,987000000,16782,18938000,8048999,15828000,79390,3711000,43.86
2022,3,Chubut,164874,904,165778,109000000,1444000,45707,30940000,34682000,15309000,17563,20024000,84.38
2022,3,Córdoba,1038600,68,1038668,99000000,11312000,153324,111615000,70989000,27112000,650344,13873000,88.31
2022,3,Corrientes,144842,4,144846,67000000,3865000,23427,23948000,7776000,21706000,56950,7107000,48.21
2022,3,Entre Ríos,268937,22,268959,107000000,5549000,47210,46855000,18263000,32021000,102195,16759000,63.67
2022,3,Formosa,68537,1,68538,97000000,307000000,23538,19545000,6194000,564000000,17704,589000000,43.76
2022,3,Jujuy,118823,0,118823,58000000,1879000,19135,15254000,36083000,519000000,45895,0,58.91
2022,3,La Pampa,115921,171,116092,68000000,1887000,61540,9653000,11592000,5609000,22731,3012000,96.59
2022,3,La Rioja,86860,4,86864,18000000,689000000,2842,3375000,24219000,5331000,50390,0,80.66
2022,3,Mendoza,288746,777,289523,103000000,2953000,44232,21977000,48201000,17243000,150043,4771000,51.03
2022,3,Misiones,182157,0,182157,51000000,3749000,36628,20758000,12676000,19615000,80330,8350000,51.82
2022,3,Neuquén,162693,468,163161,134000000,991000000,38485,14080000,9200000,6700000,78713,14858000,80.37
2022,3,Río Negro,160010,548,160558,111000000,1221000,32936,17860000,27934000,13629000,42596,24271000,67.98
2022,3,Salta,204536,5,204541,114000000,1490000,32923,71199000,5662000,1000999,85661,6491000,57.76
2022,3,San Juan,103118,281,103399,24000000,2027000,30324,11247000,22157000,6780000,19221,11619000,50.8
2022,3,San Luis,121888,182,122070,60000000,307000000,6563,20813000,12061000,67438000,13,14815000,81.74
2022,3,Santa Cruz,49312,198,49510,52000000,6841000,12342,11313000,11378000,2333000,4604,647000000,43.19
2022,3,Santa Fe,887700,110,887810,468000000,11132000,132709,198588000,70897000,57455000,396352,20209000,78.55
2022,3,Santiago Del Estero,119030,2,119032,178000000,1384000,28357,58982000,16087000,910000000,12342,792000000,47.98
2022,3,Tierra Del Fuego,53584,312,53896,22000000,831000000,12002,14815000,20102000,1752000,1021,3351000,99.51
2022,3,Tucumán,263087,30,263117,39000000,2047000,32571,39018000,25214000,4348000,159600,280000000,61.14
2022,2,Buenos Aires,4660984,6199,4667183,30639000,28323000,295238,307554000,273954000,129869000,3535757,65849000,77.58
2022,2,Capital Federal,1534626,2145,1536771,517000000,5980000,36036,72434000,55372000,31571000,1229254,105607000,121.31
2022,2,Catamarca,67007,1,67008,71000000,413000000,3678,6155000,7165000,3393000,43926,2207000,62.4
2022,2,Chaco,143559,5,143564,461000000,1047000,17603,20109000,8391000,15974000,76271,3708000,43.79
2022,2,Chubut,161901,904,162805,109000000,1444000,45804,31217000,34290000,14526000,15394,20021000,83.19
2022,2,Córdoba,1026367,68,1026435,99000000,11971000,160486,120485000,71923000,28645000,619400,13426000,87.48
2022,2,Corrientes,144993,4,144997,67000000,3937000,24253,24842000,8000999,21719000,55071,7107000,48.35
2022,2,Entre Ríos,269330,22,269352,107000000,5656000,48637,48557000,18512000,32354999,98769,16759000,63.9
2022,2,Formosa,67881,0,67881,97000000,407000000,23834,19706000,6330000,591000000,16326,590000000,43.42
2022,2,Jujuy,115314,0,115314,58000000,1829000,19458,15790000,37786000,549000000,37391,2453000,57.32
2022,2,La Pampa,111356,171,111527,68000000,1887000,62546,9842000,11800000,5247000,17125,3012000,92.98
2022,2,La Rioja,86026,4,86030,18000000,728000000,3179,3890000,23814000,5481000,48920,0,80.14
2022,2,Mendoza,278785,777,279562,103000000,2954000,44961,22557000,64138000,19543000,121366,3940000,49.39
2022,2,Misiones,178813,0,178813,51000000,3808000,37254,21712000,12774000,19757000,75107,8350000,51.0
2022,2,Neuquén,161500,468,161968,134000000,999000000,38826,15066000,9205000,2039000,76982,18717000,80.02
2022,2,Río Negro,159216,548,159764,111000000,1227000,33364,17938000,27168000,13714000,41972,24270000,67.85
2022,2,Salta,203172,5,203177,114000000,1530000,33732,72661000,6012000,1156000,81478,6494000,57.54
2022,2,San Juan,100126,281,100407,24000000,2027000,30385,11276000,24649000,3728000,16701,11617000,49.46
2022,2,San Luis,121559,182,121741,60000000,306000000,6840,21217000,11052000,67438000,13,14815000,81.76
2022,2,Santa Cruz,48987,198,49185,52000000,6841000,12348,11369000,11885000,2454000,3592,644000000,43.15
2022,2,Santa Fe,878749,110,878859,468000000,11757000,138534,204381000,74133000,58114000,373888,17584000,77.9
2022,2,Santiago Del Estero,118042,2,118044,178000000,1401000,29581,59931000,14606000,883000000,10672,792000000,47.7
2022,2,Tierra Del Fuego,53458,312,53770,22000000,831000000,12052,14828000,19968000,1712000,1006,3351000,99.86
2022,2,Tucumán,254497,30,254527,39000000,2195000,34461,43513000,23634000,4863000,145541,281000000,59.31
2022,1,Buenos Aires,4549131,6293,4555424,31591000,30056000,313382,321756000,290127000,161183000,3381049,26280000,76.08
2022,1,Capital Federal,1415378,2163,1417541,527000000,5575000,39918,77390000,61053000,43289000,1188072,1717000,111.8
2022,1,Catamarca,62377,1,62378,71000000,456000000,4386,7009000,8773000,3761000,35715,2207000,58.21
2022,1,Chaco,144114,5,144119,461000000,1099000,16888,21235000,20898000,13012000,62946,7580000,44.06
2022,1,Chubut,170701,927,171628,113000000,1677000,61369,31856000,33080000,13871000,14055,15607000,88.05
2022,1,Córdoba,1003729,74,1003803,100000000,12782000,165922,126009000,73967000,34892000,577027,13104000,85.76
2022,1,Corrientes,142574,4,142578,67000000,4029000,24563,25665000,27077000,10452000,43631,7094000,47.64
2022,1,Entre Ríos,267904,22,267926,107000000,5745000,50075,49620000,42294000,21578000,81757,16750000,63.7
2022,1,Formosa,54548,0,54548,97000000,448000000,24113,6945000,6613000,716000000,15028,588000000,34.96
2022,1,Jujuy,116509,0,116509,58000000,1761000,22141,16321000,37923000,576000000,35287,2442000,58.06
2022,1,La Pampa,109560,172,109732,301000000,2223000,62812,9869000,12044000,5250000,14400,2833000,91.66
2022,1,La Rioja,84299,4,84303,18000000,778000000,3576,4692000,23624000,5645000,45970,0,78.77
2022,1,Mendoza,274399,786,275185,114000000,3355000,51230,26407000,74178000,21566000,95048,3287000,48.74
2022,1,Misiones,171508,0,171508,51000000,3873000,35655,22261000,26855000,15854000,58610,8349000,49.04
2022,1,Neuquén,149208,471,149679,137000000,1123000,39856,15623000,11163000,2654000,71238,7885000,74.17
2022,1,Río Negro,156821,553,157374,116000000,1383000,35565,18859000,26926000,14144000,37729,22652000,67.04
2022,1,Salta,197510,5,197515,114000000,1725000,35576,68246000,6313000,2214000,76838,6489000,56.11
2022,1,San Juan,87888,290,88178,26000000,2269000,32356,11914000,25144000,2088000,11916,2465000,43.55
2022,1,San Luis,119659,185,119844,61000000,643000000,8287,3837000,9802000,68612000,13,28589000,80.72
2022,1,Santa Cruz,48898,204,49102,51000000,6898000,12710,11502000,12277000,2628000,2551,485000000,43.34
2022,1,Santa Fe,870364,115,870479,468000000,12435000,143796,208361000,84787000,58018000,344170,18444000,77.3
2022,1,Santiago Del Estero,116459,2,116461,178000000,1401000,30220,61170000,13542000,849000000,8309,792000000,47.17
2022,1,Tierra Del Fuego,52298,313,52611,24000000,894000000,12849,15640000,18034000,1767000,982,2421000,98.29
2022,1,Tucumán,245554,30,245584,39000000,2212000,36028,46961000,21014000,5211000,133846,273000000,57.39
2021,4,Buenos Aires,4502772,6385,4509157,37821000,11026000,352950,331292000,297296000,196021000,3259793,22958000,75.66
2021,4,Capital Federal,1409935,2184,1412119,563000000,1695000,47133,81899000,66135000,66755000,1147939,0,111.27
2021,4,Catamarca,59089,1,59090,71000000,0,6038,7855000,9804000,3262000,29827,2233000,55.25
2021,4,Chaco,143740,5,143745,461000000,112000000,18845,22678000,21937000,13692000,58435,7585000,44.05
2021,4,Chubut,159364,944,160308,126000000,1294000,63698,39568000,31175000,5780000,2904,15763000,82.57
2021,4,Córdoba,986693,77,986770,100000000,2479000,184548,130892000,76246000,41198000,538700,12607000,84.51
2021,4,Corrientes,135908,4,135912,67000000,645000000,28830,26368000,22922000,10087000,39911,7082000,45.51
2021,4,Entre Ríos,265024,22,265046,107000000,3024000,56043,49636000,38295000,24068000,77290,16583000,63.16
2021,4,Formosa,53663,0,53663,84000000,0,22908,6983000,6811000,1135000,13775,1967000,34.45
2021,4,Jujuy,113915,0,113915,58000000,175000000,22446,16793000,38134000,564000000,33421,2324000,56.92
2021,4,La Pampa,106834,173,107007,301000000,493000000,64840,9082000,12259000,4821000,12184,3027000,89.57
2021,4,La Rioja,83124,4,83128,18000000,1000000,5018,5437000,23559000,5671000,43424,0,77.92
2021,4,Mendoza,266783,804,267587,156000000,1463000,66428,30308000,75214000,18621000,75031,366000000,47.51
2021,4,Misiones,171132,0,171132,51000000,5000000,41916,23554000,26721000,15954000,54596,8335000,49.06
2021,4,Neuquén,146989,477,147466,140000000,940000000,42313,13264000,10515000,3310000,69217,7767000,73.3
2021,4,Río Negro,153189,564,153753,156000000,1174000,38373,19878000,31255000,4130000,36142,22645000,65.69
2021,4,Salta,199399,6,199405,114000000,20000000,40673,69324000,6642000,3535000,72622,6475000,56.81
2021,4,San Juan,79667,291,79958,44000000,1442000,28906,10955000,23978000,398000000,9800,4435000,39.59
2021,4,San Luis,118662,187,118849,62000000,264000000,8550,4276000,9107000,67363000,9,29218000,80.3
2021,4,Santa Cruz,48276,210,48486,52000000,297000000,20305,11641000,13054000,1770000,876,491000000,43.05
2021,4,Santa Fe,866265,176,866441,467000000,581000000,169706,206856000,85690000,62349000,322015,18777000,77.09
2021,4,Santiago Del Estero,115859,2,115861,178000000,909000000,31915,61524000,12205000,800000000,7537,793000000,47.05
2021,4,Tierra Del Fuego,52042,315,52357,26000000,385000000,13505,16534000,16562000,1748000,1017,2580000,98.4
2021,4,Tucumán,238609,30,238639,39000000,97000000,37321,48736000,21023000,5326000,125857,240000000,55.93
2021,3,Buenos Aires,4246425,5184,4251609,37193000,31149000,1108940,248153000,141383000,192797000,2482266,9728000,71.68
2021,3,Capital Federal,1411797,1608,1413405,295000000,603000000,156978,67013000,39785000,73502000,1075229,0,111.27
2021,3,Catamarca,56253,1,56254,71000000,0,6755,8428000,10517000,1659000,26618,2206000,52.71
2021,3,Chaco,139868,3,139871,301000000,112000000,22545,20986000,23852000,14412000,49705,7958000,42.96
2021,3,Chubut,155266,800,156066,104000000,105000000,89168,26281000,18538000,5320000,1643,14907000,80.71
2021,3,Córdoba,946726,62,946788,99000000,2452000,204989,141285000,65050000,47198000,476459,9256000,81.28
2021,3,Corrientes,133816,3,133819,67000000,645000000,29629,28478000,24792000,9687000,35468,5053000,44.9
2021,3,Entre Ríos,260360,15,260375,107000000,3024000,61354,59776000,39114000,16283999,67961,12755000,62.18
2021,3,Formosa,52795,0,52795,381000000,0,22778,7142000,6978000,1192000,12707,1617000,33.96
2021,3,Jujuy,111158,0,111158,48000000,175000000,23884,16417000,37755000,561000000,29917,2401000,55.69
2021,3,La Pampa,100371,116,100487,298000000,313000000,65063,7395000,8737000,4022999,10506,4152000,84.28
2021,3,La Rioja,82157,3,82160,18000000,1000000,5366,5979000,23315000,4868000,42613,0,77.26
2021,3,Mendoza,255320,619,255939,36000000,31000000,151871,12640000,62628000,7596000,21087,50000000,45.55
2021,3,Misiones,158528,0,158528,51000000,5000000,41932,25099000,26079000,14792000,42291,8279000,45.57
2021,3,Neuquén,139436,373,139809,112000000,327000000,57441,8566000,6234000,3631000,57919,5579000,69.71
2021,3,Río Negro,144084,501,144585,125000000,557000000,68991,3730000,14880000,2282000,34011,20009000,61.97
2021,3,Salta,195831,2,195833,101000000,20000000,41431,70104000,6962000,3878000,67010,6327000,55.96
2021,3,San Juan,79227,256,79483,18000000,333000000,59873,752000000,13250000,338000000,278,4641000,39.46
2021,3,San Luis,117716,148,117864,60000000,0,11552,2405000,6491000,67942000,22,29392000,79.87
2021,3,Santa Cruz,48779,197,48976,50000000,0,30561,8365000,6799000,1788000,678,735000000,43.75
2021,3,Santa Fe,841433,151,841584,467000000,579000000,193207,201250000,83941000,55080000,290793,16267000,75.02
2021,3,Santiago Del Estero,115457,1,115458,123000000,909000000,32752,61838000,11274000,801000000,6863,898000000,47.0
2021,3,Tierra Del Fuego,49934,289,50223,17000000,0,23723,13397000,9782000,1433000,976,895000000,94.95
2021,3,Tucumán,232447,25,232472,32000000,97000000,39446,50293000,21986000,5300000,115154,164000000,54.64
2021,2,Buenos Aires,4127167,5184,4132351,37192000,31178000,1096049,244001000,140322000,236897000,2337604,9108000,70.0
2021,2,Capital Federal,1398747,1608,1400355,294000000,603000000,157558,73568000,43859000,86655000,1037752,66000000,110.14
2021,2,Catamarca,55743,1,55744,71000000,0,7219,9091000,6828000,4941000,25388,2206000,52.34
2021,2,Chaco,140726,3,140729,301000000,112000000,23444,21574000,24032000,16068999,47239,7958000,43.33
2021,2,Chubut,138412,825,139237,104000000,105000000,89639,22605000,16604000,3896000,1112,5172000,72.29
2021,2,Córdoba,930818,62,930880,99000000,2452000,201757,136516000,66950000,70824000,442357,9925000,80.12
2021,2,Corrientes,129498,3,129501,67000000,645000000,29419,27037000,24524000,10059000,32697,5053000,43.54
2021,2,Entre Ríos,257617,15,257632,107000000,3024000,63518,55349000,39468000,18484000,61605,16077000,61.66
2021,2,Formosa,51551,0,51551,381000000,0,22364,7310000,7460000,1341000,11077,1618000,33.23
2021,2,Jujuy,111848,0,111848,48000000,175000000,24182,16577000,37908000,607000000,29950,2401000,56.18
2021,2,La Pampa,97551,116,97667,298000000,554000000,64146,7769000,8128000,3399000,9311,4062000,82.08
2021,2,La Rioja,81599,3,81602,18000000,1000000,5312,5971000,23298000,4825000,42158,19000000,76.98
2021,2,Mendoza,229052,619,229671,36000000,31000000,137462,10886000,56117000,4403000,20686,50000000,40.97
2021,2,Misiones,156176,0,156176,51000000,5000000,41643,25907000,25811000,16172000,38308,8279000,45.01
2021,2,Neuquén,137877,373,138250,112000000,327000000,57713,8631000,5871000,5943000,54008,5645000,69.14
2021,2,Río Negro,143583,501,144084,125000000,557000000,69356,3663000,15019000,3867000,31488,20009000,61.94
2021,2,Salta,191637,2,191639,101000000,20000000,42543,67012000,7099000,9654000,58882,6328000,54.93
2021,2,San Juan,78677,256,78933,18000000,333000000,59989,784000000,12550000,340000000,278,4641000,39.28
2021,2,San Luis,122670,148,122818,60000000,0,11752,2703000,5418000,65946000,22,36917000,83.48
2021,2,Santa Cruz,48785,197,48982,50000000,0,30595,8463000,6888000,1575000,676,735000000,44.01
2021,2,Santa Fe,840449,151,840600,467000000,896000000,202018,204077000,80452000,75195000,262124,15371000,75.07
2021,2,Santiago Del Estero,114089,1,114090,123000000,909000000,32034,62224000,10359000,811000000,6064,1566000,46.56
2021,2,Tierra Del Fuego,35404,289,35693,17000000,0,21335,6913000,4580000,476000000,889,1483000,67.89
2021,2,Tucumán,233026,25,233051,32000000,97000000,40224,51648000,23732000,5022000,109616,2680000,54.93
2021,1,Buenos Aires,4054936,5066,4060002,36939000,31187000,1108368,240520000,163747000,222061000,2246313,10867000,69.11
2021,1,Capital Federal,1378283,1390,1379673,135000000,244000000,159662,76753000,56457000,83255000,1003041,126000000,108.42
2021,1,Catamarca,51967,1,51968,71000000,0,7423,8455000,10115000,712000000,22996,2196000,48.9
2021,1,Chaco,139767,3,139770,301000000,112000000,24357,22102000,27556000,14496000,42462,8384000,43.14
2021,1,Chubut,131515,825,132340,106000000,109000000,86986,21401000,15392000,2844000,1112,4390000,68.99
2021,1,Córdoba,910826,55,910881,93000000,2386000,211799,135092000,74659000,71984000,402191,12677000,78.59
2021,1,Corrientes,126622,3,126625,67000000,527000000,31544,26223000,26169000,9001000,27641,5453000,42.66
2021,1,Entre Ríos,251950,13,251963,105000000,2911000,67255,56060000,42432000,15774000,54600,12826000,60.44
2021,1,Formosa,50686,0,50686,56000000,0,22409,7569000,7916000,1215000,9579,1942000,32.73
2021,1,Jujuy,110456,0,110456,49000000,175000000,23735,17293000,40649000,568000000,25609,2378000,55.63
2021,1,La Pampa,96989,116,97105,298000000,554000000,68200,7864000,7611000,2786000,7368,2424000,81.78
2021,1,La Rioja,52625,3,52628,18000000,1000000,36749,5968000,4604000,215000000,5074,-1000000,49.81
2021,1,Mendoza,218308,615,218923,28000000,40000000,134386,11216000,52533000,4061000,16615,44000000,39.15
2021,1,Misiones,149387,0,149387,51000000,524000000,40949,25503000,27101000,14050000,32953,8256000,43.17
2021,1,Neuquén,132862,373,133235,116000000,327000000,56171,8443000,5903000,5677000,50840,5758000,66.84
2021,1,Río Negro,140667,501,141168,125000000,466000000,70011,4187000,13045000,3642000,29589,20103000,60.88
2021,1,Salta,187572,2,187574,109000000,20000000,40785,68149000,9164000,8138999,54889,6319000,53.93
2021,1,San Juan,78011,256,78267,25000000,194000000,60439,858000000,11494000,340000000,276,4641000,39.06
2021,1,San Luis,119006,148,119154,58000000,0,11889,2926000,4429000,62913000,22,36917000,81.24
2021,1,Santa Cruz,45868,197,46065,50000000,0,30655,8334000,6987000,1337000,647,-1945000,41.65
2021,1,Santa Fe,825990,137,826127,518000000,891000000,201632,204458000,91846000,65476000,236924,24382000,73.92
2021,1,Santiago Del Estero,111640,1,111641,123000000,909000000,33884,58464000,8549000,700000000,4868,4144000,45.67
2021,1,Tierra Del Fuego,40133,289,40422,17000000,0,21379,1468000,4317000,486000000,919,11836000,77.35
2021,1,Tucumán,231890,22,231912,29000000,97000000,42810,53416000,25255000,4188000,103437,2680000,54.82
2020,4,Buenos Aires,4028195,5066,4033261,36939000,31197000,1109865,242243000,214171000,213588000,2176242,9016000,68.98
2020,4,Capital Federal,1378140,1390,1379530,135000000,244000000,160210,78123000,60208000,80269000,1000073,268000000,108.31
2020,4,Catamarca,52395,1,52396,71000000,0,8843,8740000,11436000,591000000,20406,2309000,49.41
2020,4,Chaco,139088,3,139091,301000000,112000000,24782,22479000,26802000,15701000,40949,7965000,43.03
2020,4,Chubut,129749,825,130574,106000000,109000000,88157,21824000,12046000,2818000,1112,4402000,68.35
2020,4,Córdoba,902646,55,902701,119000000,2386000,214963,135262000,82221000,70013000,384169,13568000,78.08
2020,4,Corrientes,125656,3,125659,67000000,527000000,31900,26321000,25687000,9383000,26789,4985000,42.43
2020,4,Entre Ríos,247368,13,247381,105000000,2911000,65659,53556000,40755000,16600000,53141,14654000,59.47
2020,4,Formosa,50206,0,50206,56000000,0,23540,7606000,7181000,1197000,8946,1680000,32.49
2020,4,Jujuy,105851,0,105851,49000000,182000000,23772,14379000,44930000,446000000,19282,2811000,53.46
2020,4,La Pampa,96779,116,96895,298000000,554000000,70184,8124000,6562000,2396000,6257,2520000,81.77
2020,4,La Rioja,52775,3,52778,18000000,1000000,36906,6060000,4633000,181000000,4979,0,50.11
2020,4,Mendoza,214838,615,215453,28000000,40000000,146312,11172000,40396000,3378000,11557,2570000,38.63
2020,4,Misiones,147161,0,147161,51000000,524000000,39988,26078000,26445000,14810000,32264,7001000,42.64
2020,4,Neuquén,132762,373,133135,116000000,327000000,56434,8478000,5791000,5493000,50776,5720000,67.0
2020,4,Río Negro,140709,501,141210,125000000,466000000,70305,4153000,13131000,3512000,29372,20146000,61.09
2020,4,Salta,187388,2,187390,109000000,514000000,41443,68829000,15188000,8291000,46697,6319000,54.04
2020,4,San Juan,72340,256,72596,25000000,194000000,61316,740000000,5126000,332000000,275,4588000,36.32
2020,4,San Luis,119287,148,119435,58000000,0,14020,3490000,2688000,62239000,22,36918000,81.68
2020,4,Santa Cruz,40477,197,40674,47000000,0,27173,4382000,6634000,1033000,647,758000000,37.0
2020,4,Santa Fe,820676,137,820813,518000000,891000000,206372,203793000,94246000,65144999,226246,23602000,73.58
2020,4,Santiago Del Estero,106668,1,106669,123000000,909000000,34518,57590000,4666000,411000000,4520,3932000,43.75
2020,4,Tierra Del Fuego,39325,289,39614,17000000,0,21881,6119000,3497000,488000000,922,6690000,76.27
2020,4,Tucumán,231067,22,231089,29000000,97000000,44095,54334000,32155000,4105000,93594,2680000,54.78
2020,3,Buenos Aires,3932211,5066,3937277,37542000,31514000,1113823,234710000,219772000,194248000,2085815,19853000,67.66
2020,3,Capital Federal,1371285,1390,1372675,264000000,312000000,162222,85083000,68753000,78028000,977766,247000000,107.68
2020,3,Catamarca,49903,1,49904,63000000,0,8276,8768000,11195000,562000000,18886,2154000,47.16
2020,3,Chaco,133951,3,133954,308000000,112000000,24675,21639000,27546000,13751000,38729,7194000,41.54
2020,3,Chubut,129202,825,130027,158000000,109000000,87559,22114000,12217000,2818000,1110,3942000,68.34
2020,3,Córdoba,867417,55,867472,168000000,3064000,218599,124833000,84236000,63823000,361021,11728000,75.22
2020,3,Corrientes,123388,3,123391,72000000,527000000,35190,23315000,25308000,8615000,25344,5020000,41.75
2020,3,Entre Ríos,241482,13,241495,130000000,2911000,66648,51478000,40797000,14377000,49395,15759000,58.19
2020,3,Formosa,49209,0,49209,391000000,151000000,23163,7432000,7125000,991000000,8219,1737000,31.91
2020,3,Jujuy,106728,0,106728,55000000,182000000,32131,10566000,45198000,293000000,15238,3065000,54.04
2020,3,La Pampa,93619,116,93735,293000000,810000000,66695,7820000,5577000,2189000,6322,4029000,79.26
2020,3,La Rioja,52613,3,52616,21000000,1000000,37105,5955000,4660000,124000000,4748,2000000,50.12
2020,3,Mendoza,207173,615,207788,58000000,40000000,141404,12123000,42433000,3448000,8237,45000000,37.35
2020,3,Misiones,143186,0,143186,71000000,524000000,39005,24215000,25942000,13663000,30987,8779000,41.6
2020,3,Neuquén,128862,373,129235,218000000,327000000,60463,6561000,5975000,5449000,49439,803000000,65.24
2020,3,Río Negro,130966,501,131467,114000000,466000000,68986,3769000,7096000,3455000,28488,19093000,57.05
2020,3,Salta,180844,2,180846,129000000,514000000,32780,64736000,15990000,7928000,43773,14996000,52.32
2020,3,San Juan,77071,256,77327,48000000,194000000,65526,711000000,6529000,41000000,128,4150000,38.79
2020,3,San Luis,116417,148,116565,105000000,0,12199,3351000,2666000,61319000,8,36917000,79.96
2020,3,Santa Cruz,39084,197,39281,66000000,0,26888,4014999,6730000,629000000,120,833000000,35.95
2020,3,Santa Fe,802861,137,802998,568000000,1241000,213353,199381000,92095000,58797000,210562,27001000,72.12
2020,3,Santiago Del Estero,105491,1,105492,133000000,909000000,33287,57418000,4658000,292000000,3994,4801000,43.38
2020,3,Tierra Del Fuego,39366,289,39655,11000000,0,22094,5414000,3726000,481000000,937,6992000,76.81
2020,3,Tucumán,223854,22,223876,52000000,97000000,45913,54610000,33126000,3246000,84195,2637000,53.23
2020,2,Buenos Aires,3772480,5066,3777546,37542000,31606000,1129236,241336000,233132000,188995000,1894466,21233000,65.22
2020,2,Capital Federal,1356431,1390,1357821,264000000,312000000,166474,94585000,79858000,80160000,935481,687000000,106.41
2020,2,Catamarca,47975,1,47976,63000000,0,8801,8690000,10242000,426000000,16578,3176000,45.43
2020,2,Chaco,128129,3,128132,308000000,928000000,24350,21140000,29044000,12082000,33311,6969000,39.83
2020,2,Chubut,107831,825,108656,158000000,109000000,69578,22188000,10537000,1473000,614,3999000,57.34
2020,2,Córdoba,836413,55,836468,168000000,4383000,219025,125932000,89530000,63216000,325243,8971000,72.71
2020,2,Corrientes,118863,3,118866,72000000,527000000,34242,22845000,25844000,7898000,22418,5020000,40.3
2020,2,Entre Ríos,234100,13,234113,130000000,3679000,66758,50640000,42090000,12856000,43391,14569000,56.54
2020,2,Formosa,47932,0,47932,391000000,151000000,23534,7109000,6998000,961000000,7475,1313000,31.14
2020,2,Jujuy,94316,0,94316,55000000,182000000,30548,10519000,26829000,209000000,9417,16557000,47.89
2020,2,La Pampa,89693,116,89809,293000000,810000000,71218,7531000,3800000,1657000,3377,1123000,76.1
2020,2,La Rioja,52152,3,52155,21000000,1000000,37375,5661000,4686000,73000000,4336,2000000,49.84
2020,2,Mendoza,200569,615,201184,58000000,40000000,142253,12439000,35274000,3248000,5422,2450000,36.25
2020,2,Misiones,140340,0,140340,71000000,524000000,39867,23719000,26445000,12305000,28763,8646000,40.89
2020,2,Neuquén,125799,373,126172,218000000,327000000,61171,6103000,6625000,5296000,46432,0,63.9
2020,2,Río Negro,128985,501,129486,114000000,466000000,70817,3335000,7498000,3246000,26953,17057000,56.37
2020,2,Salta,177760,2,177762,129000000,514000000,41801,64462999,16989000,7741000,39594,6531000,51.58
2020,2,San Juan,69521,256,69777,48000000,194000000,59113,917000000,4908000,40000000,127,4430000,35.09
2020,2,San Luis,113804,148,113952,105000000,0,11439,3585000,1934000,60889000,8,35992000,78.41
2020,2,Santa Cruz,38672,197,38869,66000000,0,26938,4166000,6541000,546000000,119,493000000,35.79
2020,2,Santa Fe,777795,137,777932,568000000,2061000,213054,198772000,96575000,57236000,189473,20193000,70.0
2020,2,Santiago Del Estero,105446,1,105447,133000000,1779000,32557,57709000,5178000,247000000,3328,4516000,43.47
2020,2,Tierra Del Fuego,38900,289,39189,11000000,0,22325,5186000,3034000,391000000,796,7446000,76.37
2020,2,Tucumán,217134,22,217156,52000000,97000000,49028,54537000,34184000,2246000,74377,2635000,51.78
2020,1,Buenos Aires,3702985,5066,3708051,38215000,36802000,1122034,236421000,247977000,205780000,1802583,28935000,64.33
2020,1,Capital Federal,1352104,1390,1353494,264000000,312000000,169651,102254000,89665000,85899000,906009,0,105.98
2020,1,Catamarca,39634,1,39635,63000000,0,8838,7543000,9558000,408000000,10299,2151000,37.62
2020,1,Chaco,120274,3,120277,308000000,928000000,23291,19976000,29851000,10416000,28539,6917000,37.48
2020,1,Chubut,95938,800,96738,158000000,109000000,69586,12957000,7756000,1240000,614,4500000,51.27
2020,1,Córdoba,811044,55,811099,142000000,5128000,217229,120188000,95827000,65733000,296875,9802000,70.69
2020,1,Corrientes,113967,3,113970,72000000,527000000,33479,21382000,26679000,7351000,19467,4780000,38.73
2020,1,Entre Ríos,231833,13,231846,130000000,4081000,72280,47132000,41125000,11988000,39794,13762000,56.12
2020,1,Formosa,46434,0,46434,1127000,342000000,23761,6500000,6564000,964000000,6918,100000000,30.23
2020,1,Jujuy,91665,0,91665,55000000,182000000,33120,9979000,26693000,166000000,7349,16545000,46.67
2020,1,La Pampa,89110,116,89226,293000000,811000000,72740,7199000,3029000,1342000,2113,1618000,75.77
2020,1,La Rioja,48337,3,48340,21000000,1000000,37209,5158000,4640000,22000000,1294,0,46.35
2020,1,Mendoza,182837,615,183452,58000000,40000000,140410,12285000,17489000,2860000,3818,0,33.14
2020,1,Misiones,133552,0,133552,71000000,524000000,36622,21271000,26433000,11581000,26313,10885000,39.02
2020,1,Neuquén,121354,373,121727,218000000,327000000,60152,5257000,7123000,5399000,43738,0,61.85
2020,1,Río Negro,125699,501,126200,114000000,466000000,69154,2930000,7857000,3199000,25488,17719000,55.12
2020,1,Salta,170379,2,170381,129000000,514000000,38537,63714000,17991000,8625000,34744,6441000,49.6
2020,1,San Juan,63975,256,64231,48000000,194000000,59787,1594000,1292000,40000000,127,4779000,32.39
2020,1,San Luis,110404,148,110552,105000000,0,11322,4164000,525000000,58258000,5,36075000,76.31
2020,1,Santa Cruz,38625,197,38822,67000000,11000000,27447,4993000,5169000,529000000,119,0,35.97
2020,1,Santa Fe,770981,137,771118,696000000,2994000,217553,196826000,104560000,48448000,173823,17656000,69.52
2020,1,Santiago Del Estero,102754,1,102755,133000000,1779000,33086,56884000,3737000,135000000,2799,4501000,42.47
2020,1,Tierra Del Fuego,38505,289,38794,11000000,1000000,22976,5024000,1834000,196000000,518,7046000,76.07
2020,1,Tucumán,200045,22,200067,52000000,97000000,49555,50383000,31096000,1730000,67536,0,47.85
2019,4,Buenos Aires,3681120,5134,3686254,33489000,27537000,1177446,262297000,247106000,452570000,1465133,20676000,64.25
2019,4,Capital Federal,1356695,1410,1358105,307000000,15000000,177098,110218000,110852000,205810000,753805,0,106.25
2019,4,Catamarca,38310,1,38311,63000000,0,9945,7619000,9305000,804000000,7477,3098000,36.44
2019,4,Chaco,117900,3,117903,83000000,0,25899,18959000,30902000,13516000,21556,6988000,36.84
2019,4,Chubut,95292,810,96102,158000000,4000000,69405,12945000,7615000,1240000,614,4121000,51.15
2019,4,Córdoba,806633,55,806688,142000000,0,232781,118232000,109330000,114111000,221742,10350000,70.48
2019,4,Corrientes,113831,3,113834,72000000,0,35055,20620000,27367000,9981000,15744,4995000,38.77
2019,4,Entre Ríos,239017,13,239030,47000000,0,88203,44511000,42962000,18976000,30153,14178000,57.99
2019,4,Formosa,46711,0,46711,1127000,191000000,24606,6319000,6788000,1766000,5671,243000000,30.47
2019,4,Jujuy,88881,0,88881,55000000,0,32920,9632000,26764000,102000000,5286,14122000,45.38
2019,4,La Pampa,90280,119,90399,293000000,313000000,76747,6900000,1951000,1287000,1342,1566000,76.92
2019,4,La Rioja,48999,3,49002,21000000,0,37846,5045000,4763000,22000000,1305,0,47.14
2019,4,Mendoza,185157,623,185780,746000000,9000000,145139,12955000,15237000,2165000,2628,6901000,33.65
2019,4,Misiones,135813,0,135813,71000000,0,39664,20840000,27305000,15626000,20799,11508000,39.79
2019,4,Neuquén,116069,376,116445,218000000,1000000,57370,4439000,7357000,12059000,35001,0,59.36
2019,4,Río Negro,126636,504,127140,114000000,0,71847,2797000,8558000,6968000,19837,17019000,55.71
2019,4,Salta,172443,2,172445,149000000,1000000,42159,67656000,15369000,14170000,25821,7120000,50.35
2019,4,San Juan,64715,259,64974,48000000,1000000,60626,1594000,1292000,40000000,127,1246000,32.85
2019,4,San Luis,108053,148,108201,105000000,0,11901,4164000,525000000,55216000,3,36287000,74.92
2019,4,Santa Cruz,39170,200,39370,67000000,0,32368,4346000,2224000,7000000,8,350000000,36.71
2019,4,Santa Fe,769019,150,769169,698000000,0,230234,190664000,113527000,70998000,135576,27472000,69.48
2019,4,Santiago Del Estero,103587,1,103588,133000000,908000000,34911,56309000,3756000,105000000,2449,5017000,42.92
2019,4,Tierra Del Fuego,40101,291,40392,11000000,0,23593,5050000,1848000,139000000,1962,7789000,79.7
2019,4,Tucumán,198621,23,198644,55000000,0,54544,52017000,28916000,6405000,56707,0,47.65
2019,3,Buenos Aires,3950114,10119,3960233,238920000,44648000,1432722,222812000,260505999,483572000,1246209,42294000,69.36
2019,3,Capital Federal,1437734,3477,1441211,104000000,368000000,269704,120924000,138011000,258591000,655108,0,112.65
2019,3,Catamarca,32391,9,32400,34000000,43000000,14449,9285000,6333000,72000000,15,2151000,30.88
2019,3,Chaco,114438,13,114451,69000000,1216000,32764,28198000,13336000,12987000,16740,6917000,35.85
2019,3,Chubut,87481,1524,89005,74000000,840000000,62680,13033000,7171000,1240000,614,4500000,47.57
2019,3,Córdoba,782946,107,783053,83000000,5824000,240151,106651000,118486000,146247000,157546,7353000,68.59
2019,3,Corrientes,112749,10,112759,10000000,597000000,42231,29628000,10348000,10388000,12674,4780000,38.49
2019,3,Entre Ríos,238057,45,238102,19000000,4446000,99656,56161000,17064000,21216000,22645,15107000,57.9
2019,3,Formosa,46066,0,46066,1110000,349000000,24943,6049000,7117000,2262000,4443,100000000,30.11
2019,3,Jujuy,86575,1,86576,27000000,885000000,31722,9240000,26835000,56000000,3671,16545000,44.32
2019,3,La Pampa,90559,269,90828,237000000,3289000,75849,5922000,1611000,1359000,941,1618000,77.45
2019,3,La Rioja,49659,18,49677,9000000,10000000,38657,4786000,4887000,22000000,1307,0,47.94
2019,3,Mendoza,223015,1322,224337,21000000,1269000,206821,2958000,10093000,1263000,349,0,40.74
2019,3,Misiones,133883,0,133883,47000000,1928000,43530,29375000,11256000,16107000,16650,12206000,39.33
2019,3,Neuquén,123435,1986,125421,45000000,2258000,62909,4586000,9597000,16923000,28458,122000000,64.14
2019,3,Río Negro,143391,904,144295,47000000,1234000,87435,2348000,9779000,10176000,15505,17719000,63.42
2019,3,Salta,151834,1,151835,49000000,900000000,43160,62230000,14309000,11418000,12357,7515000,44.48
2019,3,San Juan,72535,563,73098,22000000,171000000,68315,2245000,1267000,41000000,128,4779000,37.06
2019,3,San Luis,122409,291,122700,57000000,100000000,18643,5113000,467000000,62242000,5,36075000,85.23
2019,3,Santa Cruz,37642,328,37970,28000000,84000000,31612,4472000,1203000,27000000,4,0,35.63
2019,3,Santa Fe,760706,228,760934,640000000,8183999,242454,193286000,107068000,84325000,97082,19537000,68.87
2019,3,Santiago Del Estero,133130,2,133132,39000000,1832000,35554,55172000,3612000,86000000,1836,34501000,55.3
2019,3,Tierra Del Fuego,48043,544,48587,6000000,14000000,32133,4692000,1756000,82000000,226,9648000,96.46
2019,3,Tucumán,164099,32,164131,16000000,110000000,71043,47693000,24354000,843000000,20385,0,39.49
2019,2,Buenos Aires,3845594,10104,3855698,199768000,46852000,1436259,217785000,438663000,502275000,985767,43438000,67.85
2019,2,Capital Federal,1412177,3443,1415620,74000000,1027000,281370,124087000,239691000,296155000,475991,0,110.55
2019,2,Catamarca,33626,9,33635,34000000,43000000,16631,8670000,6049000,34000000,10,2151000,32.13
2019,2,Chaco,108721,13,108734,69000000,1383000,38488,26431000,16789000,15348000,9904,1492000,34.14
2019,2,Chubut,86038,1518,87556,66000000,3952000,69032,10049000,1495000,74000000,165,4500000,46.99
2019,2,Córdoba,775023,105,775128,81000000,8164999,248427,100512000,157458000,170159000,76053,8938000,68.07
2019,2,Corrientes,111539,10,111549,10000000,3012000,40424,27774000,13114000,11928000,7119,6080000,38.16
2019,2,Entre Ríos,235780,44,235824,18000000,5905000,100687,52316000,23196000,24221000,10664,17206000,57.48
2019,2,Formosa,46438,0,46438,1110000,349000000,26512,5399000,8384000,2639000,2258,100000000,30.42
2019,2,Jujuy,86706,1,86707,27000000,940000000,26233,8441000,26700000,27000000,2600,21765000,44.51
2019,2,La Pampa,89937,268,90205,236000000,3289000,75406,5191000,1366000,1445000,629,2661000,77.08
2019,2,La Rioja,50283,18,50301,9000000,11000000,39819,4297000,4857000,13000000,1298,0,48.7
2019,2,Mendoza,222535,1322,223857,20000000,2522000,205165,2971000,10092000,1256000,234,0,40.75
2019,2,Misiones,132878,0,132878,47000000,2226000,45769,27385000,15408000,18882000,8129,12206000,39.15
2019,2,Neuquén,120954,1999,122953,302000000,3038000,61776,4688000,17318000,21210000,14132,422000000,63.08
2019,2,Río Negro,137632,915,138547,384000000,1354000,86366,2201000,10291000,12407000,6907,18519000,61.09
2019,2,Salta,142567,1,142568,49000000,974000000,59638,36923000,16961000,14059000,6461,7585000,41.89
2019,2,San Juan,69461,564,70025,22000000,213000000,60913,2177000,785000000,7000000,4,6119000,35.6
2019,2,San Luis,117094,291,117385,57000000,102000000,16575,4964000,467000000,57236000,5,37977000,81.79
2019,2,Santa Cruz,30225,325,30550,25000000,84000000,24861,3806000,1202000,28000000,4,0,28.85
2019,2,Santa Fe,743258,226,743484,321000000,8427000,300124,125176000,129741000,100131000,49865,22323000,67.42
2019,2,Santiago Del Estero,126752,2,126754,39000000,1832000,63268,21362000,3741000,108000000,1205,34501000,52.79
2019,2,Tierra Del Fuego,46910,544,47454,6000000,123000000,41824,4241000,1573000,96000000,32,0,94.8
2019,2,Tucumán,166299,32,166331,16000000,157000000,78891,44296000,24291000,628000000,18394,0,40.14
2019,1,Buenos Aires,3736563,10104,3746667,162513000,72296000,1429964,202511000,576428000,576859000,705769,6369000,66.24
2019,1,Capital Federal,1396157,3443,1399600,74000000,7417000,283787,131007000,330122000,365713000,283463,0,109.2
2019,1,Catamarca,33613,9,33622,34000000,1708000,18761,6443000,5606000,29000000,7,2151000,32.19
2019,1,Chaco,103664,13,103677,69000000,3801000,38719,25632000,18965000,12393000,6368,1035000,32.64
2019,1,Chubut,78260,1518,79778,66000000,3938000,71077,6571000,787000000,74000000,165,0,43.0
2019,1,Córdoba,744010,105,744115,81000000,20403000,242769,96997000,200681000,127965000,50716,6806000,65.52
2019,1,Corrientes,102477,10,102487,10000000,6470000,38402,26562000,15498000,9688000,5029,0,35.13
2019,1,Entre Ríos,232403,44,232447,18000000,9217000,107013,50068000,28957000,18146000,7619,12142000,56.79
2019,1,Formosa,45211,0,45211,1110000,3023000,23085,5301000,9027000,2099000,1654,0,29.68
2019,1,Jujuy,90146,1,90147,27000000,2817000,30727,7811000,4021000,30000000,1141,37162000,46.41
2019,1,La Pampa,88892,268,89160,236000000,8327000,70538,4466000,1061000,1354000,405,698000000,76.35
2019,1,La Rioja,51638,18,51656,9000000,1169000,40285,4088000,5216000,17000000,869,0,50.18
2019,1,Mendoza,204976,1322,206298,20000000,1786000,205383,2837000,5702000,111000000,140,0,37.66
2019,1,Misiones,122720,0,122720,47000000,5946000,45266,25890000,19111000,16552000,5167,7654000,36.26
2019,1,Neuquén,112321,2056,114377,1328000,3055000,52360,1781000,21452000,17135000,11026,6105000,58.88
2019,1,Río Negro,120173,915,121088,384000000,1583000,84845,2037000,13615000,9567000,5076,3719000,53.57
2019,1,Salta,136019,1,136020,49000000,4232000,59244,36473000,22910000,10861000,2242,1000000,40.1
2019,1,San Juan,61881,564,62445,22000000,229000000,62380,266000000,520000000,3000000,2,560000000,31.83
2019,1,San Luis,96044,291,96335,57000000,120000000,21380,53214000,345000000,6000000,2,23577000,67.34
2019,1,Santa Cruz,24580,325,24905,25000000,128000000,21990,2731000,702000000,26000000,4,0,23.67
2019,1,Santa Fe,736851,227,737078,333000000,29350000,296798,122959000,153212000,74575000,36502,18591000,66.97
2019,1,Santiago Del Estero,89851,2,89853,39000000,3372000,62895,20691000,3959000,85000000,494,0,37.52
2019,1,Tierra Del Fuego,45903,544,46447,6000000,131000000,38851,3623000,641000000,80000000,29,0,93.38
2019,1,Tucumán,171970,32,172002,16000000,5188000,82240,42877000,26210000,847000000,14839,0,41.63
2018,4,Buenos Aires,3626502,10104,3636606,134673000,73761000,1422463,194426000,577679000,949093000,265386,19125000,64.6
2018,4,Capital Federal,1385577,3443,1389020,74000000,7388000,283281,143309000,330496000,437662000,186810,0,108.27
2018,4,Catamarca,33574,9,33583,34000000,1669000,17955,6425000,5461000,29000000,7,2003000,32.23
2018,4,Chaco,103257,13,103270,69000000,3405000,36437,25633000,18965000,12393000,6368,0,32.59
2018,4,Chubut,77204,1518,78722,66000000,3917000,66061,6215000,531000000,623000000,165,1144000,42.61
2018,4,Córdoba,737234,105,737339,81000000,24102000,228475,97277000,201639000,128053000,48809,8903000,65.09
2018,4,Corrientes,100591,10,100601,10000000,6438000,37376,26562000,15498000,9688000,5029,0,34.57
2018,4,Entre Ríos,222003,44,222047,18000000,8769000,94780,50027000,29002000,18146000,7612,13693000,54.37
2018,4,Formosa,45204,0,45204,1110000,3074000,22962,5285000,9027000,2092000,1654,0,29.74
2018,4,Jujuy,90132,1,90133,27000000,2803000,30727,7811000,4021000,30000000,1141,43573000,46.53
2018,4,La Pampa,85368,268,85636,241000000,7727000,70508,3661000,978000000,1328000,270,923000000,73.49
2018,4,La Rioja,51633,18,51651,9000000,1164000,40285,4088000,5216000,17000000,869,3000000,50.35
2018,4,Mendoza,204982,1322,206304,20000000,1463000,197450,2494000,4726000,19000000,132,0,37.76
2018,4,Misiones,116273,0,116273,47000000,5981000,43267,26019000,19226000,16566000,5167,0,34.45
2018,4,Neuquén,112309,2056,114365,1328000,3044000,52313,1781000,21452000,17135000,11025,6287000,59.07
2018,4,Río Negro,115922,915,116837,384000000,1225000,83412,643000000,13440000,9569000,5070,3094000,51.86
2018,4,Salta,134577,1,134578,49000000,3659000,58492,36365000,22910000,10861000,2242,0,39.8
2018,4,San Juan,61834,564,62398,22000000,1465000,59811,180000000,312000000,1000000,1,606000000,31.9
2018,4,San Luis,96040,291,96331,57000000,109000000,19164,53183000,119000000,62000000,2,23635000,67.55
2018,4,Santa Cruz,24443,325,24768,25000000,115000000,23107,779000000,206000000,1000000,4,531000000,23.69
2018,4,Santa Fe,720161,229,720390,335000000,31397000,276301,121009000,152039000,74432000,36427,28450000,65.59
2018,4,Santiago Del Estero,89333,2,89335,39000000,3250000,61347,20127000,3686000,77000000,483,326000000,37.4
2018,4,Tierra Del Fuego,45716,544,46260,6000000,27000000,29919,6323000,9894000,24000000,67,0,93.59
2018,4,Tucumán,171972,32,172004,16000000,5244000,82089,42766000,26111000,847000000,14839,92000000,41.76
2018,3,Buenos Aires,3599714,10563,3610277,991000000,80459000,1445733,190805000,636090000,897964000,237248,120464000,64.44
2018,3,Capital Federal,1385804,6686,1392490,73000000,8493000,287919,147253000,370677000,415020000,165055,0,108.45
2018,3,Catamarca,34215,11,34226,34000000,1994000,18475,6358000,5320000,34000000,7,2151000,32.92
2018,3,Chaco,102021,12,102033,70000000,3503000,38729,24916000,20335000,11085000,5667,1035000,32.28
2018,3,Chubut,101310,2426,103736,67000000,3951000,91096,6162000,531000000,623000000,164,0,56.39
2018,3,Córdoba,725764,94,725858,81000000,24767000,224471,96372000,221984000,109333000,39854,6490000,64.24
2018,3,Corrientes,99445,11,99456,11000000,6754000,38364,24953000,16601000,8357000,4419,0,34.25
2018,3,Entre Ríos,204560,48,204608,18000000,9048000,96095,45651000,31353000,15111000,6786,0,50.22
2018,3,Formosa,44865,0,44865,1110000,3365000,22624,5259000,9336000,1729000,1434,0,29.58
2018,3,Jujuy,44934,1,44935,345000000,3020000,29048,7756000,4066000,39000000,623,0,23.26
2018,3,La Pampa,83180,244,83424,242000000,8417000,68507,3153000,920000000,1189000,216,698000000,71.75
2018,3,La Rioja,51855,17,51872,9000000,1291000,40647,4138000,5425000,20000000,339,0,50.73
2018,3,Mendoza,205545,1484,207029,20000000,1525000,199297,2476000,4727000,27000000,129,0,37.99
2018,3,Misiones,108042,0,108042,48000000,5749000,39617,24747000,21212000,14674000,4547,0,32.1
2018,3,Neuquén,114713,2005,116718,1396000,2244000,55822,1647000,23785000,15218000,9718,6105000,60.49
2018,3,Río Negro,112433,1059,113492,409000000,5221000,75929,512000000,14912000,8470000,4332,3719000,50.54
2018,3,Salta,132882,1,132883,116000000,3721000,61795,32782000,25582000,9224000,502,0,39.43
2018,3,San Juan,63823,658,64481,22000000,1326000,62525,180000000,312000000,3000000,1,0,33.05
2018,3,San Luis,74121,300,74421,57000000,109000000,19170,52940000,119000000,63000000,2,1902000,52.35
2018,3,Santa Cruz,33565,434,33999,26000000,116000000,32815,778000000,206000000,1000000,3,0,32.73
2018,3,Santa Fe,694883,217,695100,467000000,36786000,269211,115907000,162545000,62479000,31266,13911000,63.41
2018,3,Santiago Del Estero,86358,2,86360,41000000,2550000,60260,19116000,3806000,64000000,265,0,36.25
2018,3,Tierra Del Fuego,45056,508,45564,6000000,187000000,41569,2270000,231000000,24000000,13,0,92.77
2018,3,Tucumán,171135,31,171166,16000000,5993000,81559,43282000,27062000,941000000,12187,0,41.68
2018,2,Buenos Aires,3490134,10565,3500699,1008999,81354000,1459443,295457000,816056000,536049000,199589,113357000,62.78
2018,2,Capital Federal,1362498,6688,1369186,73000000,9234000,290291,219166000,445345000,264805000,142253,0,106.53
2018,2,Catamarca,34078,11,34089,34000000,2414000,14624,6112000,4347000,36000000,6,6500000,32.86
2018,2,Chaco,98509,12,98521,70000000,2968000,34167,24282000,21887000,9251000,4630,1035000,31.25
2018,2,Chubut,98137,2427,100564,67000000,4471000,85598,5369000,4000000,5000000,9,5010000,54.9
2018,2,Córdoba,712979,94,713073,81000000,21779000,219630,102596000,244291000,78852000,34950,8109999,63.27
2018,2,Corrientes,97946,11,97957,11000000,7047000,38268,24066000,17926000,6780000,3862,0,33.81
2018,2,Entre Ríos,199937,48,199985,18000000,8179000,94459,44570000,34281000,12012000,5920,0,49.2
2018,2,Formosa,44554,0,44554,1110000,3568000,22409,5176000,9727000,1313000,1243,0,29.43
2018,2,Jujuy,45132,1,45133,345000000,3320000,29319,8083000,3977000,44000000,7,0,23.43
2018,2,La Pampa,82177,244,82421,244000000,8797000,68083,2409000,965000000,969000000,179,698000000,71.04
2018,2,La Rioja,51931,17,51948,9000000,1384000,40679,4198000,5640000,20000000,15,0,50.98
2018,2,Mendoza,199468,1484,200952,20000000,1658000,164596,515000000,266000000,17000000,72,33788000,36.97
2018,2,Misiones,106147,0,106147,48000000,6092000,39489,23569000,23747000,11888000,3866,0,31.63
2018,2,Neuquén,113842,2006,115848,1396000,2408000,56035,1314000,26417000,12442000,8551,6105000,60.24
2018,2,Río Negro,111176,1059,112235,409000000,5298000,75056,523000000,16480000,6663000,3725,3975000,50.15
2018,2,Salta,134166,1,134167,116000000,3990000,61763,33285000,28431000,7239000,182,0,39.94
2018,2,San Juan,63443,658,64101,22000000,1378000,57591,11000000,0,3000000,0,5068000,32.95
2018,2,San Luis,21168,300,21468,57000000,101000000,11992,11000000,0,7000000,2,9284000,15.15
2018,2,Santa Cruz,33970,435,34405,26000000,120000000,28600,655000000,100000000,1000000,3,4267000,33.33
2018,2,Santa Fe,684243,309,684552,744000000,34267000,262603,112143000,175540000,50525000,26512,22257000,62.57
2018,2,Santiago Del Estero,83773,2,83775,41000000,2717000,41362,18721000,3278000,31000000,31,17589000,35.26
2018,2,Tierra Del Fuego,44199,508,44707,6000000,188000000,40912,2217000,75000000,0,0,107000000,91.61
2018,2,Tucumán,169926,31,169957,16000000,6735000,79899,44968000,27059000,1084000,8784,1305000,41.51
2018,1,Buenos Aires,3464882,10564,3475446,1514000,74766000,1445752,292732000,886678000,480237000,184203,105818000,62.63
2018,1,Capital Federal,1359882,6688,1366570,89000000,10039000,292566,222737000,487826000,227953000,127384,0,106.24
2018,1,Catamarca,33934,11,33945,34000000,2896000,14770,6145000,3539000,41000000,4,6500000,32.79
2018,1,Chaco,96925,12,96937,70000000,3261000,32516,24488000,23296000,8219000,3897,1035000,30.83
2018,1,Chubut,95532,2427,97959,67000000,4314000,83161,5358000,4000000,5000000,9,5010000,53.72
2018,1,Córdoba,713825,101,713926,281000000,23922000,222815,104300000,266259000,57137000,29228,10049000,63.52
2018,1,Corrientes,94406,11,94417,11000000,5005000,37152,24038000,19068000,5890000,3256,0,32.66
2018,1,Entre Ríos,197346,48,197394,18000000,8861000,90080,45599000,37401000,9818000,5071,0,48.68
2018,1,Formosa,32328,0,32328,1110000,3803000,10092,5117000,10061000,1091000,1046,0,21.4
2018,1,Jujuy,44405,1,44406,345000000,4807000,27219,8044000,3925000,49000000,4,0,23.12
2018,1,La Pampa,82668,396,83064,245000000,8119000,67104,1616000,1076000,614000000,98,3503000,71.75
2018,1,La Rioja,52228,17,52245,9000000,1485000,40680,4217000,5831000,19000000,1,0,51.44
2018,1,Mendoza,199463,1484,200947,20000000,1662000,164599,501000000,266000000,19000000,72,33788000,37.07
2018,1,Misiones,103580,0,103580,48000000,4700000,35820,23291000,26223000,10241000,3219,0,30.96
2018,1,Neuquén,115897,2006,117903,1396000,2367000,59468,1311000,29012000,9709000,7378,6105000,61.52
2018,1,Río Negro,110057,1062,111119,409000000,5333000,74894,530000000,17997000,4972000,3129,3975000,49.82
2018,1,Salta,133182,1,133183,116000000,4459000,60334,33088000,30771000,5145000,88,0,39.78
2018,1,San Juan,62610,658,63268,22000000,1058000,57078,11000000,0,3000000,0,5068000,32.61
2018,1,San Luis,21096,300,21396,57000000,101000000,11920,11000000,0,7000000,2,9284000,15.15
2018,1,Santa Cruz,33970,435,34405,26000000,120000000,28600,655000000,100000000,1000000,3,4267000,33.55
2018,1,Santa Fe,679717,309,680026,1359000,33639000,262008,108576000,188900000,39589000,22801,23181000,62.28
2018,1,Santiago Del Estero,82916,2,82918,41000000,2910000,41298,18914000,3449000,33000000,2,17589000,34.99
2018,1,Tierra Del Fuego,31106,508,31614,6000000,307000000,33987,2000000,0,0,0,107000000,65.2
2018,1,Tucumán,168026,31,168057,16000000,7472000,78811,45675000,26405000,1218000,7082,1305000,41.18
2017,4,Buenos Aires,3171206,10690,3181896,3865000,55046000,1551194,264645000,712513000,335140000,151747,114182000,57.61
2017,4,Capital Federal,1575418,6906,1582324,314000000,31411000,517018,284040000,458120000,178396000,114939,0,122.9
2017,4,Catamarca,29548,10,29558,34000000,3182000,15315,5904000,2927000,43000000,2,2151000,28.62
2017,4,Chaco,96603,12,96615,70000000,3432000,37144,24088000,20123000,7290000,3289,1035000,30.81
2017,4,Chubut,91012,2428,93440,67000000,4313000,83676,5355000,7000000,5000000,9,0,51.46
2017,4,Córdoba,709874,105,709979,291000000,25411000,280837,102892000,217602000,40898000,24251,8429000,63.33
2017,4,Corrientes,93760,11,93771,11000000,5220000,41080,23686000,16046000,5053000,2675,0,32.52
2017,4,Entre Ríos,193654,49,193703,1685000,9078000,95466,45189000,30010000,7958000,4113,0,47.89
2017,4,Formosa,32056,0,32056,1110000,4061000,13220,4867000,6996000,977000000,824,0,21.27
2017,4,Jujuy,43551,1,43552,345000000,5364000,26566,7721000,3507000,44000000,3,0,22.74
2017,4,La Pampa,81675,396,82071,310000000,8729000,66053,1227000,792000000,391000000,81,3503000,71.05
2017,4,La Rioja,52177,17,52194,9000000,1488000,40777,4083000,5813000,22000000,3,0,51.57
2017,4,Mendoza,178661,1490,180151,26000000,1656000,177646,438000000,278000000,29000000,81,0,33.33
2017,4,Misiones,103895,0,103895,1053000,3900000,41723,23131000,22262000,9091000,2735,0,31.14
2017,4,Neuquén,114965,2006,116971,1396000,2372000,68036,1325000,22781000,7528000,6300,6105000,61.24
2017,4,Río Negro,108702,1062,109764,409000000,5598000,81078,485000000,12502000,3447000,2440,3719000,49.38
2017,4,Salta,132811,1,132812,636000000,4275000,73284,32842000,18968000,3559000,84,0,39.8
2017,4,San Juan,57965,659,58624,22000000,1062000,57525,9000000,0,2000000,2,0,30.3
2017,4,San Luis,14604,300,14904,59000000,101000000,12822,8000000,0,1000000,7,1902000,10.59
2017,4,Santa Cruz,29018,434,29452,68000000,78000000,29073,655000000,100000000,1000000,3,0,28.91
2017,4,Santa Fe,672137,323,672460,3109000,34132000,309998,108939000,151329000,30736000,19602,14119000,61.71
2017,4,Santiago Del Estero,68842,2,68844,41000000,3091000,43544,18773000,3359000,32000000,2,0,29.13
2017,4,Tierra Del Fuego,28346,508,28854,6000000,310000000,31334,2000000,0,0,0,0,59.89
2017,4,Tucumán,162298,34,162332,105000000,8164000,78750,45241000,24318000,1303000,4367,0,39.9
2017,3,Buenos Aires,3046758,11202,3057960,6577000,51411000,1733479,311652000,676137000,140812000,108400,0,55.63
2017,3,Capital Federal,1563289,7070,1570359,283000000,33924000,590689,311411000,426300000,120675000,91917,0,121.86
2017,3,Catamarca,33467,11,33478,52000000,3204000,15383,5758000,2563000,50000000,1,0,32.49
2017,3,Chaco,93747,12,93759,95000000,3496000,40059,23008000,20307000,3827000,2004,0,29.98
2017,3,Chubut,81067,2477,83544,436000000,3989000,71843,2336000,3000000,0,0,0,46.22
2017,3,Córdoba,696536,108,696644,327000000,26154000,309161,100113000,189302000,38131000,16741,0,62.31
2017,3,Corrientes,92536,12,92548,24000000,5629000,44305,22785000,15576000,2635000,1607,0,32.17
2017,3,Entre Ríos,185414,50,185464,1691000,7545000,98032,42947000,29011000,3878000,2397,0,45.96
2017,3,Formosa,32105,0,32105,1063000,3716000,13752,5187000,6056000,899000000,459,0,21.35
2017,3,Jujuy,43241,1,43242,337000000,5723000,26835,7369000,2962000,41000000,2,0,22.65
2017,3,La Pampa,79280,410,79690,343000000,8244000,64794,855000000,588000000,327000000,51,0,69.14
2017,3,La Rioja,51896,17,51913,16000000,1497000,40882,3899000,5604000,23000000,3,0,51.47
2017,3,Mendoza,190958,1533,192491,32000000,95000000,158461,115000000,67000000,29000000,19,0,35.7
2017,3,Misiones,100476,0,100476,1058000,4123000,42900,22808000,23913000,3843000,1881,0,30.21
2017,3,Neuquén,113755,2029,115784,2036000,1457000,72532,1034000,20213000,7067000,4937,0,60.83
2017,3,Río Negro,106393,1103,107496,422000000,5641000,83900,306000000,10116000,2965000,1659,0,48.52
2017,3,Salta,132517,1,132518,645000000,4494000,78830,32433000,14620000,2315000,63,0,39.84
2017,3,San Juan,61789,660,62449,31000000,1077000,57582,1000000,0,2000000,2,0,32.37
2017,3,San Luis,21408,311,21719,63000000,3000000,12325,7000000,0,1000000,7,0,15.48
2017,3,Santa Cruz,33222,468,33690,188000000,23000000,29102,542000000,66000000,33000000,1,0,33.29
2017,3,Santa Fe,662086,256,662342,3116000,34019000,320017,104453000,125339000,24536000,12982,0,60.91
2017,3,Santiago Del Estero,82792,2,82794,69000000,3288000,40435,18489000,3047000,30000000,2,0,35.12
2017,3,Tierra Del Fuego,30883,583,31466,9000000,297000000,33858,0,0,0,0,0,65.74
2017,3,Tucumán,160979,33,161012,109000000,8948000,83070,45302000,20514000,1361000,655,0,39.7
2017,2,Buenos Aires,3067430,11201,3078631,7548000,47472000,1910156,299009000,573298000,93059000,46178,0,56.27
2017,2,Capital Federal,1592175,8016,1600191,556000000,35663000,726223,304970000,378571000,80234000,37977,0,124.06
2017,2,Catamarca,26692,13,26705,15000000,3318000,15655,5325000,2342000,47000000,1,0,25.98
2017,2,Chaco,90597,14,90611,191000000,3733000,42590,22349000,18044000,3157000,545,0,29.05
2017,2,Chubut,62245,1730,63975,403000000,4186000,73760,1880000,0,0,0,0,35.55
2017,2,Córdoba,657505,133,657638,251000000,26862000,370865,88479000,146683000,20351000,5069,0,58.97
2017,2,Corrientes,90085,12,90097,15000000,5912000,46483,21776000,13043000,2218000,647,0,31.39
2017,2,Entre Ríos,182675,57,182732,1680000,7944000,104422,41800000,23524000,2604000,823,0,45.39
2017,2,Formosa,29956,0,29956,1486000,3419000,14787,4795000,4583000,749000000,139,0,19.97
2017,2,Jujuy,42656,1,42657,311000000,5877000,26915,6974000,2538000,42000000,1,0,22.4
2017,2,La Pampa,72573,449,73022,356000000,8633000,59045,558000000,336000000,244000000,21,0,63.49
2017,2,La Rioja,16271,18,16289,9000000,1554000,9304,3599000,1796000,24000000,2,0,16.2
2017,2,Mendoza,169302,1451,170753,109000000,24000000,177203,92000000,50000000,5000000,22,0,31.76
2017,2,Misiones,99794,0,99794,1010999,4447000,47244,22033000,21599000,2892000,570,0,30.09
2017,2,Neuquén,115321,2112,117433,1542000,1395000,81272,849000000,18051000,4774000,1703,0,61.91
2017,2,Río Negro,100621,998,101619,973000000,5606000,88085,245000000,7990000,1921000,559,0,46.02
2017,2,Salta,108540,1,108541,594000000,4719000,67576,23185000,11333000,1068000,76,0,32.74
2017,2,San Juan,51261,620,51881,15000000,193000000,58588,0,0,0,4,0,26.96
2017,2,San Luis,12992,315,13307,8000000,4000000,14014,0,0,1000000,2,0,9.51
2017,2,Santa Cruz,26019,369,26388,188000000,24000000,30913,541000000,66000000,33000000,0,0,26.25
2017,2,Santa Fe,566918,362,567280,4967000,38721000,311830,92854000,97563000,16794000,4275,0,52.27
2017,2,Santiago Del Estero,33194,2,33196,26000000,3539000,20384,6432000,2802000,16000000,0,0,14.12
2017,2,Tierra Del Fuego,31938,619,32557,16000000,285000000,35409,0,0,0,0,0,68.46
2017,2,Tucumán,154374,37,154411,96000000,9236000,83342,42536000,17788000,1371000,21,0,38.19
2017,1,Buenos Aires,3178174,11202,3189376,6017000,83918000,2057698,402315000,523539999,90937000,22299,0,58.57
2017,1,Capital Federal,1391030,8016,1399046,510000000,1409000,678922,218487000,277195000,66536000,19881,0,108.37
2017,1,Catamarca,26304,13,26317,15000000,3328000,15861,4901000,2161000,49000000,0,0,25.66
2017,1,Chaco,89036,14,89050,191000000,3835000,44544,21467000,15671000,3025000,314,0,28.62
2017,1,Chubut,62166,1730,63896,401000000,4182000,73759,1808000,0,0,0,0,35.66
2017,1,Córdoba,641066,133,641199,50000000,28732000,391556,82011000,118643000,19035000,2071,0,57.65
2017,1,Corrientes,88596,12,88608,15000000,6040000,48149,20586000,11468000,2044000,303,0,30.94
2017,1,Entre Ríos,180296,57,180353,1680000,8080000,108379,39146000,20562000,2254000,317,0,44.91
2017,1,Formosa,29705,0,29705,1535000,3538000,15473,4446000,4058000,635000000,22,0,19.84
2017,1,Jujuy,43202,1,43203,330000000,6213000,27824,6486000,2306000,44000000,0,0,22.76
2017,1,La Pampa,71458,455,71913,362000000,9279000,57739,331000000,192000000,165000000,11,0,62.67
2017,1,La Rioja,16207,18,16225,9000000,1578000,9486,3409000,1718000,22000000,2,0,16.2
2017,1,Mendoza,169282,1451,170733,106000000,15000000,177201,86000000,50000000,5000000,22,0,31.84
2017,1,Misiones,97619,0,97619,1010000,4665000,45950,23847000,19356000,2627000,166,0,29.52
2017,1,Neuquén,113227,2112,115339,1547000,1418000,83813,902000000,15130000,4223000,458,0,61.02
2017,1,Río Negro,100288,1000,101288,986000000,5647000,89622,246000000,6738000,1594000,200,0,46.03
2017,1,Salta,107632,1,107633,579000000,4861000,70922,21554000,9386000,267000000,74,0,32.58
2017,1,San Juan,51253,620,51873,8000000,192000000,58588,0,0,0,4,0,27.04
2017,1,San Luis,12992,315,13307,8000000,4000000,14014,0,0,1000000,2,0,9.55
2017,1,Santa Cruz,26116,370,26486,190000000,23000000,31078,474000000,68000000,30000000,0,0,26.52
2017,1,Santa Fe,562520,362,562882,4966000,39463000,340418,77152000,83008000,15775000,1831,0,51.97
2017,1,Santiago Del Estero,34473,2,34475,26000000,3772000,21659,6218000,2786000,17000000,0,0,14.7
2017,1,Tierra Del Fuego,31938,619,32557,16000000,285000000,35409,0,0,0,0,0,68.92
2017,1,Tucumán,152734,37,152771,96000000,9682000,86470,39155000,15951000,1383000,13,0,37.9
2016,4,Buenos Aires,3131499,11202,3142701,6055000,86281000,2085605,403575000,467398000,72348000,17279,0,61.24
2016,4,Capital Federal,1393443,8016,1401459,517000000,1477000,704324,225723000,264582000,53506000,16756,0,120.63
2016,4,Catamarca,27021,13,27034,15000000,3478000,16519,4889000,2077000,54000000,0,0,26.54
2016,4,Chaco,88833,14,88847,191000000,3983000,45634,21323000,14887000,2586000,250,0,28.79
2016,4,Chubut,62035,1730,63765,401000000,4493000,73951,1352000,0,0,0,0,36.07
2016,4,Córdoba,636422,133,636555,50000000,29380000,404645,77966000,108368000,15458000,1606,0,57.7
2016,4,Corrientes,88084,12,88096,15000000,6109000,48995,20187000,10908000,1645000,234,0,30.98
2016,4,Entre Ríos,180188,57,180245,1680000,8253000,110296,38491000,19509000,1801000,280,0,45.21
2016,4,Formosa,29513,0,29513,1573000,3519000,15791,4114000,3855000,649000000,17,0,19.85
2016,4,Jujuy,42624,1,42625,303000000,6225000,27778,6143000,2134000,43000000,0,0,22.65
2016,4,La Pampa,71368,460,71828,368000000,9789000,56694,16000000,335000000,132000000,11,0,63.02
2016,4,La Rioja,16298,18,16316,9000000,1646000,9635,3334000,1675000,13000000,3,0,16.46
2016,4,Mendoza,169274,1451,170725,114000000,16000000,177194,79000000,49000000,5000000,20,0,32.11
2016,4,Misiones,97390,0,97390,1010000,4783000,47454,23433000,18371000,2215000,126,0,29.72
2016,4,Neuquén,111723,2112,113835,1539000,1406000,84859,792000000,14153000,3073000,271,0,60.87
2016,4,Río Negro,100020,1000,101020,998000000,2953000,92967,248000000,6317000,1174000,122,0,46.39
2016,4,Salta,106934,1,106935,577000000,5027000,71636,20787000,8611000,239000000,70,0,32.69
2016,4,San Juan,51301,620,51921,8000000,220000000,58608,0,0,0,4,0,27.29
2016,4,San Luis,12992,315,13307,8000000,4000000,14014,0,0,1000000,2,0,9.64
2016,4,Santa Cruz,26094,370,26464,189000000,23000000,31369,342000000,80000000,10000000,0,0,27.05
2016,4,Santa Fe,561470,362,561832,4966000,40102000,349722,74401000,77667000,13155000,1529,0,52.19
2016,4,Santiago Del Estero,35049,2,35051,26000000,3925000,22246,6178000,2664000,15000000,0,0,15.07
2016,4,Tierra Del Fuego,31938,619,32557,16000000,285000000,35409,0,0,0,0,0,70.31
2016,4,Tucumán,151615,37,151652,96000000,10021000,87994,37721000,14389000,1400000,10,0,37.98
2016,3,Buenos Aires,3075387,11205,3086592,5856000,107945000,2148475,393530000,399116000,52900000,13318,0,60.14
2016,3,Capital Federal,1395053,8051,1403104,331000000,995000000,759028,208249000,240856000,38341000,13886,0,120.77
2016,3,Catamarca,26957,13,26970,15000000,4038000,16183,4845000,1853000,50000000,0,0,26.48
2016,3,Chaco,89216,14,89230,190000000,5227000,46821,21193000,13746000,2021999,217,0,28.91
2016,3,Chubut,62222,1730,63952,466000000,5190000,74375,674000000,0,0,0,0,36.18
2016,3,Córdoba,642458,133,642591,48000000,41329000,415075,75988000,99225000,11691000,1322,0,58.24
2016,3,Corrientes,88328,12,88340,15000000,7425000,49471,19956000,10006000,1263000,210,0,31.07
2016,3,Entre Ríos,181092,57,181149,1768000,10657000,110844,38665000,17737000,1307000,248,0,45.44
2016,3,Formosa,27716,0,27716,1723000,4277000,15581,3964000,3658000,648000000,10,0,18.64
2016,3,Jujuy,42537,1,42538,286000000,6878000,27425,5943000,1978000,31000000,0,0,22.61
2016,3,La Pampa,69903,461,70364,374000000,10187000,55792,15000000,224000000,114000000,11,0,61.73
2016,3,La Rioja,16912,18,16930,9000000,2349000,9686,3316000,1562000,11000000,2,0,17.07
2016,3,Mendoza,169174,1450,170624,37000000,10000000,178186,73000000,48000000,5000000,17,0,32.09
2016,3,Misiones,97997,0,97997,1010000,6030000,48871,23394000,17043000,1559000,91,0,29.91
2016,3,Neuquén,110491,2112,112603,1531000,1527000,87404,680000000,12541000,2118000,225,0,60.21
2016,3,Río Negro,100024,1002,101026,1006999,6026000,90689,207000000,5953000,790000000,99,0,46.39
2016,3,Salta,107790,1,107791,1107000,6922000,71214,20229000,8099000,197000000,50,0,32.96
2016,3,San Juan,51348,620,51968,8000000,245000000,58577,0,0,0,2,0,27.32
2016,3,San Luis,12978,315,13293,7000000,4000000,14077,0,0,1000000,2,0,9.63
2016,3,Santa Cruz,25886,371,26257,189000000,22000000,31904,221000000,52000000,9000000,0,0,26.84
2016,3,Santa Fe,566625,386,567011,3958000,49501000,360606,72657000,69864000,10210000,1308,0,52.67
2016,3,Santiago Del Estero,35658,2,35660,26000000,5097000,22747,6216000,2497000,9000000,0,0,15.33
2016,3,Tierra Del Fuego,31306,619,31925,16000000,285000000,35080,0,0,0,0,0,68.94
2016,3,Tucumán,151282,37,151319,127000000,12247000,87970,36518000,13150000,1288000,4,0,37.9
2016,2,Buenos Aires,3032776,12515,3045291,10786000,133385000,2250898,335296000,334723000,31494000,11933,0,59.34
2016,2,Capital Federal,1384824,9760,1394584,4352000,1736000,859039,146091000,213010000,19597000,13477,0,120.04
2016,2,Catamarca,26543,13,26556,15000000,5736000,14742,4567000,1496000,47000000,1,0,26.07
2016,2,Chaco,88235,16,88251,197000000,8063000,45823,20346000,12090000,1571000,201,0,28.59
2016,2,Chubut,62116,1740,63856,572000000,5421000,73078,775000000,0,0,0,0,36.12
2016,2,Córdoba,634680,234,634914,258000000,57050000,437547,71980000,82618000,8355000,1242,0,57.55
2016,2,Corrientes,86932,24,86956,41000000,10018000,47916,19200000,8851000,803000000,191,0,30.58
2016,2,Entre Ríos,178194,179,178373,4734000,16367999,115000,36917000,15522000,849000000,205,0,44.74
2016,2,Formosa,28801,1,28802,1675000,5401000,14370,3569000,3218000,593000000,10,0,19.37
2016,2,Jujuy,41187,2,41189,2561000,8292000,25301,5589000,1750000,3000000,0,0,21.89
2016,2,La Pampa,68403,485,68888,429000000,10616000,63928,15000000,119000000,96000000,11,0,60.44
2016,2,La Rioja,16718,18,16736,10000000,3151000,9043,3190000,1344000,3000000,5,0,16.88
2016,2,Mendoza,169274,1550,170824,437000000,30000000,176922,61000000,44000000,5000000,20,0,32.13
2016,2,Misiones,95808,7,95815,1973000,7899000,49586,21385000,14820000,1073000,96,0,29.24
2016,2,Neuquén,108224,2291,110515,1916000,1691000,88854,583000000,10241000,1285000,208,0,59.1
2016,2,Río Negro,99631,1073,100704,1189000,6107000,92158,194000000,4877000,520000000,86,0,46.24
2016,2,Salta,104929,3,104932,2160000,10123000,70875,18759000,7129000,140000000,49,0,32.08
2016,2,San Juan,51392,621,52013,10000000,273000000,57589,0,0,0,4,0,27.34
2016,2,San Luis,12939,317,13256,12000000,4000000,13931,0,0,1000000,2,0,9.6
2016,2,Santa Cruz,25797,356,26153,244000000,26000000,31995,142000000,20000000,0,0,0,26.73
2016,2,Santa Fe,563867,607,564474,9486000,67325000,374960,68505000,60469000,6509000,1277,0,52.44
2016,2,Santiago Del Estero,36958,3,36961,704000000,6705000,22208,5943000,2108000,1000000,0,0,15.89
2016,2,Tierra Del Fuego,30740,619,31359,16000000,286000000,38773,0,0,0,0,0,67.72
2016,2,Tucumán,148636,41,148677,231000000,18515000,83945,33891000,11310000,1032000,2,0,37.24
2016,1,Buenos Aires,2929903,12612,2942515,7351000,97880000,2214760,289929000,247372000,8315000,9529,0,57.34
2016,1,Capital Federal,1328079,9817,1337896,2310000,43686000,869048,178665000,192644000,6577000,10838,0,115.16
2016,1,Catamarca,26376,13,26389,15000000,6102000,14653,4241000,1334000,42000000,1,0,25.91
2016,1,Chaco,86635,16,86651,194000000,8755000,46304,19388000,10587000,1238000,184,0,28.08
2016,1,Chubut,62060,1740,63800,94000000,5095000,72396,1066000,0,0,0,0,36.09
2016,1,Córdoba,609692,234,609926,148000000,59484000,414452,65763000,66455000,4143000,1039,0,55.28
2016,1,Corrientes,85510,26,85536,29000000,10690000,47833,18375000,7911000,526000000,170,0,30.08
2016,1,Entre Ríos,174634,179,174813,2864000,17749000,104137,35104000,14057000,457000000,165,0,43.85
2016,1,Formosa,28313,1,28314,1738000,5731000,14163,3229000,2906000,544000000,5,0,19.04
2016,1,Jujuy,40287,2,40289,2543000,8558000,22383,5188000,1623000,0,0,0,21.41
2016,1,La Pampa,65442,487,65929,426000000,11065000,52117,15000000,78000000,71000000,11,0,57.84
2016,1,La Rioja,16673,18,16691,10000000,3382000,9060,2980000,1254000,2000000,3,0,16.83
2016,1,Mendoza,169257,1553,170810,235000000,21000000,175376,47000000,43000000,5000000,17,0,32.12
2016,1,Misiones,92951,7,92958,959000000,8502000,50061,19195000,13363000,779000000,68,0,28.37
2016,1,Neuquén,101969,2292,104261,1720000,1737000,86310,479000000,7893000,143000000,171,0,55.75
2016,1,Río Negro,98745,1077,99822,1171000,6105000,90038,203000000,4246000,77000000,81,0,45.84
2016,1,Salta,102423,3,102426,1119000,10765000,65646,17748000,6643000,119000000,31,0,31.32
2016,1,San Juan,51373,621,51994,9000000,309000000,56447,0,0,0,2,0,27.33
2016,1,San Luis,12915,317,13232,8000000,4000000,13645,0,0,1000000,2,0,9.59
2016,1,Santa Cruz,25931,356,26287,168000000,29000000,32188,8000000,0,0,0,0,26.87
2016,1,Santa Fe,551378,618,551996,6492000,71565000,353525,64117000,51293000,3754000,1063,0,51.28
2016,1,Santiago Del Estero,37695,3,37698,703000000,7219000,22805,5769000,1898000,0,0,0,16.21
2016,1,Tierra Del Fuego,29867,619,30486,16000000,285000000,33003,0,0,0,0,0,65.83
2016,1,Tucumán,146596,41,146637,106000000,20092000,84008,31490000,10046000,871000000,0,0,36.72
2015,4,Buenos Aires,2946743,12642,2959385,7985000,100303000,2253197,274560000,240188000,3835000,8180,0,58.29
2015,4,Capital Federal,1360381,9845,1370226,2417000,46568000,916813,172029000,198635000,3087000,10899,0,118.13
2015,4,Catamarca,26459,13,26472,15000000,6513000,14484,4106000,1313000,39000000,1,0,26.24
2015,4,Chaco,86537,16,86553,194000000,9593000,46771,18608000,10092000,1136000,159,0,28.35
2015,4,Chubut,62279,1740,64019,625000000,5774000,71881,168000000,0,0,0,0,36.89
2015,4,Córdoba,625835,235,626070,148000000,63746000,427471,62989000,67151000,3336000,1088,0,57.36
2015,4,Corrientes,85409,26,85435,29000000,11248000,48104,17877000,7569000,456000000,150,0,30.34
2015,4,Entre Ríos,173957,180,174137,2865000,18883000,104224,33989000,13668000,399000000,163,0,44.11
2015,4,Formosa,28088,1,28089,1791000,6081000,14279,2704000,2713000,519000000,4,0,19.07
2015,4,Jujuy,39922,2,39924,2551000,8876000,21867,5044000,1587000,0,0,0,21.47
2015,4,La Pampa,66054,312,66366,592000000,12951000,48798,16000000,63000000,49000000,10,0,58.76
2015,4,La Rioja,16914,18,16932,10000000,3638000,9127,2937000,1215000,2000000,3,0,17.32
2015,4,Mendoza,169251,1556,170807,241000000,23000000,174719,38000000,41000000,5000000,13,0,32.49
2015,4,Misiones,92846,7,92853,959000000,9169000,51029,17281000,13690000,675000000,52,0,28.69
2015,4,Neuquén,105122,2294,107416,1727000,2061000,89678,455000000,7934000,9000000,175,0,58.29
2015,4,Río Negro,98655,1067,99722,3282000,4473000,89062,201000000,4024000,5000000,75,0,46.44
2015,4,Salta,101917,3,101920,1122000,11387000,65677,17139000,6507000,99000000,5,0,31.59
2015,4,San Juan,51408,621,52029,9000000,386000000,55761,0,0,0,2,0,27.66
2015,4,San Luis,12901,317,13218,8000000,4000000,13473,0,0,1000000,2,0,9.71
2015,4,Santa Cruz,26047,356,26403,188000000,26000000,32338,3000000,0,0,0,0,27.74
2015,4,Santa Fe,561045,627,561672,6659000,75770000,361264,60985000,51258000,3079000,1189,0,52.61
2015,4,Santiago Del Estero,39132,3,39135,703000000,7836000,23074,5669000,1856000,0,0,0,17.0
2015,4,Tierra Del Fuego,29334,619,29953,16000000,285000000,32662,0,0,0,0,0,66.46
2015,4,Tucumán,146053,42,146095,107000000,21800000,83887,29942000,9507000,837000000,0,0,37.06
2015,3,Buenos Aires,2916070,12695,2928765,8361000,107351000,2266948,262564000,200491000,2642000,7720,0,57.69
2015,3,Capital Federal,1362193,9875,1372068,2448000,49340000,942525,159618000,175594000,2028000,10022,0,118.29
2015,3,Catamarca,26080,13,26093,15000000,6871000,14206,4143000,812000000,43000000,1,0,25.86
2015,3,Chaco,85354,16,85370,240000000,10353000,47131,19016000,7498000,979000000,157,0,27.96
2015,3,Chubut,62143,1740,63883,641000000,5886000,71668,167000000,0,0,0,0,36.81
2015,3,Córdoba,622761,237,622998,150000000,68765000,429787,61109000,59372000,2582000,1048,0,57.08
2015,3,Corrientes,84931,28,84959,33000000,11921000,48127,18168000,6111000,453000000,146,0,30.17
2015,3,Entre Ríos,172252,182,172434,2863000,20385000,103990,34788000,9924000,384000000,153,0,43.68
2015,3,Formosa,27751,1,27752,1862000,6521000,14354,2791000,1842000,379000000,2,0,18.84
2015,3,Jujuy,39548,2,39550,2549000,9278000,21588,5169000,966000000,0,0,0,21.27
2015,3,La Pampa,64976,495,65471,613000000,13087000,47660,9000000,55000000,39000000,10,0,57.96
2015,3,La Rioja,16753,18,16771,10000000,3840000,9102,2984000,832000000,0,3,0,17.15
2015,3,Mendoza,169261,1562,170823,256000000,25000000,173430,45000000,18000000,5000000,13,0,32.49
2015,3,Misiones,91615,7,91622,958000000,9809000,51234,17367000,11654000,559000000,43,0,28.31
2015,3,Neuquén,98376,2240,100616,1733000,2124000,85044,210000000,6599000,2000000,155,0,54.6
2015,3,Río Negro,98529,1085,99614,3372000,4457000,88691,99000000,3826000,1000000,62,0,46.39
2015,3,Salta,100570,3,100573,1126000,12223000,65405,17451000,4318000,61000000,5,0,31.18
2015,3,San Juan,51409,621,52030,9000000,391000000,54963,0,0,0,2,0,27.67
2015,3,San Luis,12902,317,13219,9000000,4000000,13286,0,0,1000000,2,0,9.71
2015,3,Santa Cruz,25912,359,26271,190000000,25000000,32266,2000000,0,0,0,0,27.61
2015,3,Santa Fe,556097,641,556738,6767000,80817000,363177,59531000,42021000,2320000,1133,0,52.15
2015,3,Santiago Del Estero,39394,3,39397,703000000,8332000,23158,5956000,1249000,0,0,0,17.12
2015,3,Tierra Del Fuego,33118,619,33737,15000000,285000000,36408,2000000,0,0,0,0,74.86
2015,3,Tucumán,144272,42,144314,107000000,23687000,83654,29998000,6232000,623000000,0,0,36.61
2015,2,Buenos Aires,2871079,12711,2883790,8714000,137189000,2299705,243503000,159922000,2009999,6712,0,56.8
2015,2,Capital Federal,1336391,9893,1346284,2493000,51799000,990112,148569000,142976000,1482000,9258,0,116.07
2015,2,Catamarca,25666,13,25679,15000000,7253000,14003,3776000,593000000,37000000,1,0,25.45
2015,2,Chaco,83832,16,83848,288000000,11058000,47551,17675000,6337000,788000000,149,0,27.46
2015,2,Chubut,61745,1740,63485,656000000,6032000,55791,168000000,0,0,0,0,36.58
2015,2,Córdoba,609510,236,609746,156000000,72695000,434717,54993000,46415000,1956000,903,0,55.87
2015,2,Corrientes,83288,28,83316,34000000,12542000,48015,17184000,5039000,379000000,126,0,29.58
2015,2,Entre Ríos,169309,183,169492,2864000,21986000,104043,32293000,7867000,354000000,136,0,42.93
2015,2,Formosa,27013,37,27050,1881000,6907000,14247,2436000,1324000,257000000,1,0,18.36
2015,2,Jujuy,37720,2,37722,2479000,9474000,20248,4792000,730000000,0,0,0,20.29
2015,2,La Pampa,63552,500,64052,5737000,8182000,46235,27000000,24000000,25000000,10,0,56.71
2015,2,La Rioja,16491,18,16509,10000000,4082000,9093,2680000,641000000,0,3,0,16.88
2015,2,Mendoza,169259,1564,170823,268000000,26000000,170451,42000000,16000000,5000000,13,0,32.49
2015,2,Misiones,88512,7,88519,958000000,10360000,51671,15022000,10072000,408000000,33,0,27.35
2015,2,Neuquén,95644,2241,97885,1755000,2348000,82727,214000000,5168000,2000000,110,0,53.12
2015,2,Río Negro,97640,1087,98727,3413000,4525000,87362,97000000,3240000,1000000,51,0,45.98
2015,2,Salta,98264,3,98267,1123000,13020000,64737,16241000,3114000,29000000,5,0,30.46
2015,2,San Juan,51367,621,51988,8000000,410000000,51568,0,0,0,2,0,27.64
2015,2,San Luis,12904,317,13221,9000000,4000000,13204,0,0,1000000,2,0,9.71
2015,2,Santa Cruz,25384,379,25763,210000000,25000000,25519,2000000,0,0,0,0,27.07
2015,2,Santa Fe,545739,649,546388,6827000,86016000,364441,53205000,33894000,1856000,1014,0,51.18
2015,2,Santiago Del Estero,39375,3,39378,703000000,8779000,23456,5553000,888000000,0,0,0,17.11
2015,2,Tierra Del Fuego,32960,619,33579,15000000,285000000,36073,2000000,0,0,0,0,74.51
2015,2,Tucumán,140635,42,140677,107000000,25178000,83462,26966000,4502000,455000000,0,0,35.69
2015,1,Buenos Aires,2847076,14766,2861842,8882000,123589000,2267852,220070000,126958000,1561000,5700,0,56.37
2015,1,Capital Federal,1321139,11582,1332721,2545000,59084000,1013510,134151000,114569000,1195000,8401,0,114.9
2015,1,Catamarca,25312,20,25332,13000000,7634000,13754,3202000,517000000,9000000,1,0,25.11
2015,1,Chaco,81329,31,81360,26000000,12053000,47425,15883000,5346000,489000000,135,0,26.65
2015,1,Chubut,63327,1946,65273,651000000,6176000,57333,102000000,0,0,0,0,37.61
2015,1,Córdoba,596663,294,596957,157000000,78427000,432802,46574000,37443000,1615000,815,0,54.7
2015,1,Corrientes,81488,43,81531,36000000,13295000,47842,15554000,4424000,235000000,98,0,28.95
2015,1,Entre Ríos,165839,231,166070,2867000,23951000,104168,28113000,6926000,274000000,119,0,42.07
2015,1,Formosa,26657,43,26700,1891000,7336000,14413,2024000,878000000,157000000,1,0,18.12
2015,1,Jujuy,36608,3,36611,2458000,9754000,19858,3939000,603000000,0,0,0,19.69
2015,1,La Pampa,62155,542,62697,6059000,8054000,45038,26000000,10000000,13000000,10,0,55.51
2015,1,La Rioja,16310,23,16333,11000000,4201000,9379,2207000,533000000,0,3,0,16.7
2015,1,Mendoza,168355,1805,170160,287000000,24000000,169763,38000000,16000000,6000000,11,0,32.37
2015,1,Misiones,85139,7,85146,958000000,11136000,51906,12387000,8543000,194000000,26,0,26.31
2015,1,Neuquén,93373,2369,95742,1895000,2577000,80787,170000000,4067000,2000000,76,0,51.95
2015,1,Río Negro,96145,1188,97333,3371000,4913000,86173,94000000,2632000,2000000,42,0,45.33
2015,1,Salta,96793,18,96811,1123000,14151000,64992,13955000,2569000,15000000,5,0,30.01
2015,1,San Juan,51117,702,51819,8000000,445000000,51346,0,0,0,2,0,27.55
2015,1,San Luis,12878,354,13232,10000000,8000000,12720,0,1000000,0,2,0,9.72
2015,1,Santa Cruz,26217,424,26641,205000000,27000000,26048,2000000,0,0,0,0,27.99
2015,1,Santa Fe,535640,797,536437,6883000,93096000,360964,45270000,27597000,1542000,900,0,50.24
2015,1,Santiago Del Estero,39244,8,39252,701000000,9236000,23136,4796000,748000000,0,0,0,17.06
2015,1,Tierra Del Fuego,32726,730,33456,14000000,609000000,36319,2000000,0,0,0,0,74.23
2015,1,Tucumán,138184,92,138276,107000000,27143000,83895,23061000,3722000,334000000,0,0,35.08
2014,4,Buenos Aires,2801178,15229,2816407,8226000,132937000,2250445,203620000,104322000,997000000,5406,0,56.09
2014,4,Capital Federal,1318526,11994,1330520,2698000,62896000,1038269,123451000,95772000,890000000,7997,0,114.9
2014,4,Catamarca,25472,21,25493,21000000,8047000,14093,2910000,421000000,0,1,0,25.51
2014,4,Chaco,65998,37,66035,483000000,12837000,42106,7908000,2600000,124000000,2,0,21.87
2014,4,Chubut,66557,1985,68542,1858000,6218000,60392,70000000,0,0,0,0,40.25
2014,4,Córdoba,590113,319,590432,1903000,85362000,427844,41947000,30858000,1177000,782,0,54.7
2014,4,Corrientes,65656,54,65710,40000000,13860000,42182,7513000,2106000,0,9,0,23.56
2014,4,Entre Ríos,140567,246,140813,2311000,27801000,88649,18318000,3584000,1000000,66,0,36.03
2014,4,Formosa,26156,51,26207,1947000,7830000,14058,1852000,473000000,47000000,1,0,17.96
2014,4,Jujuy,35999,3,36002,1880000,10427000,19740,3443000,465000000,0,0,0,19.6
2014,4,La Pampa,56813,567,57380,6266000,6879000,36520,26000000,5000000,4000000,10,0,51.27
2014,4,La Rioja,16379,23,16402,9000000,4333000,9728,1943000,386000000,0,3,0,17.01
2014,4,Mendoza,167766,1848,169614,303000000,19000000,169222,36000000,14000000,5000000,12,0,32.64
2014,4,Misiones,77222,7,77229,547000000,11840000,53093,8731000,2952000,54000000,12,0,24.16
2014,4,Neuquén,92999,2397,95396,1731000,2744000,80938,126000000,3621000,2000000,66,0,52.55
2014,4,Río Negro,95050,1210,96260,3640000,4723000,85094,94000000,2319000,4000000,30,0,45.48
2014,4,Salta,93921,26,93947,54000000,16213999,63221,12552000,1922000,0,4,0,29.53
2014,4,San Juan,51390,729,52119,11000000,478000000,51628,0,0,0,2,0,28.04
2014,4,San Luis,12788,359,13147,9000000,0,13135,0,0,1000000,2,0,9.79
2014,4,Santa Cruz,25277,436,25713,156000000,1400000,24145,1000000,1000000,0,0,0,27.8
2014,4,Santa Fe,528459,938,529397,8707000,99962000,359293,36718000,21098000,869000000,824,0,50.0
2014,4,Santiago Del Estero,39308,9,39317,1246000,8913000,24181,4359000,602000000,0,0,0,17.27
2014,4,Tierra Del Fuego,28249,741,28990,12000000,283000000,31489,2000000,0,0,0,0,66.14
2014,4,Tucumán,137329,95,137424,17000000,28746000,85091,20631000,2733000,196000000,0,0,35.32
2014,3,Buenos Aires,2835537,14028,2849565,7355000,128187000,2281524,156693000,68947000,243000000,4232,0,56.75
2014,3,Capital Federal,1307195,10630,1317825,840000000,78016000,1060145,102170000,70907000,95000000,6626,0,113.8
2014,3,Catamarca,24665,21,24686,19000000,8845000,13790,1915000,111000000,0,0,0,24.71
2014,3,Chaco,63710,36,63746,398000000,14731000,41934,5428000,1274000,5000000,0,0,21.11
2014,3,Chubut,67130,2007,69137,2013000,6281000,60771,34000000,0,0,0,0,40.6
2014,3,Córdoba,585231,200,585431,660000000,98992000,435692,28992000,18888000,84000000,664,0,54.23
2014,3,Corrientes,63516,33,63549,21000000,15448000,41717,5181000,1172000,0,0,0,22.79
2014,3,Entre Ríos,136618,115,136733,1709000,29710000,91450,12569000,1310000,0,48,0,34.98
2014,3,Formosa,25873,64,25937,2001000,8323000,14202,1324000,85000000,0,0,0,17.77
2014,3,Jujuy,33739,2,33741,127000000,10979000,20216,2305000,82000000,0,0,0,18.37
2014,3,La Pampa,61861,564,62425,6458000,6645000,41009,24000000,5000000,4000000,10,0,55.78
2014,3,La Rioja,15893,23,15916,10000000,4785000,9720,1337000,61000000,0,0,0,16.51
2014,3,Mendoza,166184,1740,167924,35000000,0,167763,31000000,12000000,13000000,1,0,32.31
2014,3,Misiones,75327,0,75327,640000000,13637000,53510,5928000,1606000,0,1,0,23.57
2014,3,Neuquén,100099,2268,102367,1522000,3099000,80090,107000000,2865000,10000000,27,0,56.4
2014,3,Río Negro,96629,1151,97780,3640000,5189000,86868,87000000,1944000,8000000,9,0,46.2
2014,3,Salta,92929,25,92954,732000000,17481000,66026,8314000,388000000,0,0,0,29.22
2014,3,San Juan,51031,748,51779,8000000,487000000,51276,0,0,0,0,0,27.85
2014,3,San Luis,12683,363,13046,8000000,0,13029,0,0,3000000,0,0,9.71
2014,3,Santa Cruz,25664,446,26110,195000000,1624000,24248,1000000,1000000,0,0,0,28.23
2014,3,Santa Fe,520196,691,520887,8230000,112593000,357615,23962000,12124000,38000000,806,0,49.2
2014,3,Santiago Del Estero,37539,9,37548,791000000,9914000,23826,2867000,142000000,0,0,0,16.49
2014,3,Tierra Del Fuego,28037,755,28792,12000000,336000000,32348,2000000,0,0,0,0,65.69
2014,3,Tucumán,131978,88,132066,6000000,32716000,84668,14101000,559000000,4000000,0,0,33.94
2014,2,Buenos Aires,2750430,14116,2764546,6902000,162274000,2288772,140226000,56549000,284000000,4309,0,55.06
2014,2,Capital Federal,1299502,10713,1310215,847000000,81431000,1078213,87359000,56004000,59000000,6427,0,113.14
2014,2,Catamarca,24660,23,24683,19000000,8844000,13794,1915000,111000000,0,0,0,24.7
2014,2,Chaco,63243,36,63279,412000000,14854000,41530,5418000,1085000,5000000,0,0,20.96
2014,2,Chubut,68503,2016,70519,2064000,6582000,61868,0,0,0,0,0,41.41
2014,2,Córdoba,576747,205,576952,2105000,101598000,429536,28698000,14824000,76000000,627,0,53.45
2014,2,Corrientes,62925,33,62958,20000000,15563000,41219,5199000,956000000,0,0,0,22.58
2014,2,Entre Ríos,135468,115,135583,2187000,32781000,86757,12564000,1162000,0,44,0,34.69
2014,2,Formosa,25535,65,25600,2032000,8218000,13944,1321000,85000000,0,0,0,17.54
2014,2,Jujuy,34359,2,34361,1873000,11233000,18851,2305000,82000000,0,0,0,18.71
2014,2,La Pampa,55048,580,55628,7032000,6761000,34089,18000000,5000000,4000000,10,0,49.71
2014,2,La Rioja,15889,23,15912,10000000,4785000,9719,1337000,61000000,0,0,0,16.5
2014,2,Mendoza,165046,1761,166807,35000000,6000000,166710,31000000,10000000,5000000,10,0,32.1
2014,2,Misiones,74689,0,74689,540000000,13644000,53245,5924000,1334000,2000000,0,0,23.37
2014,2,Neuquén,90053,2235,92288,1531000,3206000,79087,92000000,2289000,2000000,30,0,50.84
2014,2,Río Negro,94812,1145,95957,3468000,5507000,84978,78000000,1569000,2000000,8,0,45.33
2014,2,Salta,91949,25,91974,53000000,18818000,64440,8293000,388000000,0,0,0,28.91
2014,2,San Juan,50891,755,51646,10000000,507000000,51129,0,0,0,0,0,27.78
2014,2,San Luis,12691,364,13055,7000000,0,13045,0,0,1000000,2,0,9.72
2014,2,Santa Cruz,26710,459,27169,153000000,1637000,25374,2000000,0,0,0,0,29.38
2014,2,Santa Fe,511753,605,512358,8515000,115197000,353559,23939000,10058000,34000000,792,0,48.39
2014,2,Santiago Del Estero,38002,9,38011,1231000,9914000,23842,2867000,142000000,0,0,0,16.7
2014,2,Tierra Del Fuego,27443,766,28209,12000000,334000000,31198,2000000,0,0,0,0,64.36
2014,2,Tucumán,131981,88,132069,6000000,32714000,84675,14101000,559000000,4000000,0,0,33.94
2014,1,Buenos Aires,2725732,14144,2739876,8469000,171244000,2279875,121787000,38923000,206000000,4037,0,54.57
2014,1,Capital Federal,1289204,10714,1299918,852000000,88826000,1096050,70293000,38798000,55000000,6208,0,112.25
2014,1,Catamarca,24209,23,24232,19000000,9147000,13330,1672000,64000000,0,0,0,24.25
2014,1,Chaco,62520,36,62556,438000000,15849000,40869,4644000,741000000,5000000,0,0,20.72
2014,1,Chubut,68205,2016,70221,7452000,10000000,61329,0,0,0,0,0,41.24
2014,1,Córdoba,566705,205,566910,2076000,107705000,423114,24112000,9818000,40000000,588,0,52.52
2014,1,Corrientes,62203,33,62236,20000000,16357000,40742,4486000,630000000,0,0,0,22.32
2014,1,Entre Ríos,134216,115,134331,2177000,35206000,85248,10828000,746000000,0,43,0,34.37
2014,1,Formosa,25335,87,25422,2062000,8475000,13685,1133000,67000000,0,0,0,17.42
2014,1,Jujuy,33825,2,33827,1832000,11498000,18415,2001999,56000000,0,0,0,18.42
2014,1,La Pampa,53601,592,54193,7434000,6535000,32501,17000000,5000000,4000000,10,0,48.43
2014,1,La Rioja,15688,23,15711,10000000,5111000,9390,1165000,35000000,0,0,0,16.29
2014,1,Mendoza,164084,1761,165845,35000000,6000000,166655,19000000,10000000,6000000,9,0,31.91
2014,1,Misiones,73950,0,73950,545000000,14460000,52852,5139000,958000000,0,0,0,23.14
2014,1,Neuquén,88077,2303,90380,4133000,987000000,77148,84000000,1582000,2000000,22,0,49.79
2014,1,Río Negro,93909,1157,95066,4670000,4618000,84304,73000000,1062000,1000000,8,0,44.91
2014,1,Salta,91265,25,91290,53000000,19677000,64061,7192000,314000000,0,0,0,28.7
2014,1,San Juan,50543,755,51298,531000000,2000000,51056,0,0,0,0,0,27.6
2014,1,San Luis,12193,364,12557,7000000,3000000,12544,0,1000000,0,2,0,9.35
2014,1,Santa Cruz,26304,460,26764,161000000,1625000,24972,1000000,1000000,0,0,0,28.94
2014,1,Santa Fe,506000,612,506612,8456000,124468000,345225,20328000,6845000,23000000,668,0,47.85
2014,1,Santiago Del Estero,37124,9,37133,1234000,10531000,22817,2422000,109000000,0,0,0,16.31
2014,1,Tierra Del Fuego,27272,766,28038,12000000,607000000,30902,6000000,0,0,0,0,63.97
2014,1,Tucumán,129944,88,130032,6000000,34672000,83210,11779000,362000000,3000000,0,0,33.42
